Clase	Letra	Correspondencia	Transcripción	Forma	–1200	1201–1250	1251–1300	1301–1350	1351–1400	1401–1450	1451–1500	1501–1550	1551–1600
Word-medial semivowel /j/ ending a diphthong	i	Habeis	abeis	abeis	0	0	1	0	0	0	1	5	11
Word-medial semivowel /j/ ending a diphthong	y	Habeis	abeys	abeys	0	0	0	1	0	0	4	21	6
Word-medial semivowel /j/ starting a diphthong	i	Habiendo	abiendo	abiendo	0	1	5	7	1	9	36	39	48
Word-medial semivowel /j/ starting a diphthong	y	Habiendo	abyendo	abyendo	0	0	0	0	0	0	2	4	0
Word-medial semivowel /j/ ending a diphthong	i	Habeis	abeis	abéis	0	0	0	0	0	0	9	1	7
Word-medial semivowel /j/ ending a diphthong	y	Habeis	abeys	abéys	0	0	0	0	0	0	2	2	0
Word-medial semivowel /j/ ending a diphthong	i	Haceis	aceis	aceis	0	0	0	0	0	0	0	0	1
Word-medial semivowel /j/ starting a diphthong	i	Haciendo	aciendo	aciendo	0	0	0	0	0	0	1	6	4
Word-medial semivowel /j/ ending a diphthong	i	Hagais	agais	agais	0	0	0	0	0	0	1	2	1
Word-medial semivowel /j/ ending a diphthong	j	Hagais	agajs	agajs	0	0	0	0	0	0	5	0	0
Word-medial semivowel /j/ ending a diphthong	y	Hagais	agays	agays	0	0	0	0	0	0	5	0	0
Word-medial semivowel /j/ ending a diphthong	y	Hagais	agayz	agayz	0	0	0	0	0	0	0	0	2
Word-medial semivowel /j/ ending a diphthong	i	Hagais	agais	agáis	0	0	0	0	0	0	0	1	1
Word-medial semivowel /j/ ending a diphthong	y	Hagais	agays	agáys	0	0	0	0	0	0	0	4	0
Word-final semivowel /j/ ending a diphthong	i	Hay	ai	ai	1	4	0	1	1	1	51	33	108
Word-medial semivowel /j/ starting a diphthong	i	Hayais	aiais	aiais	0	0	0	0	0	0	6	2	0
Word-medial semivowel /j/ ending a diphthong	i	Hayais	aiais	aiais	0	0	0	0	0	0	6	2	0
Word-medial semivowel /j/ starting a diphthong	i	Ayer	aier	aier	0	0	0	0	0	0	4	1	6
Word-medial semivowel /j/ starting a diphthong	i	Hayais	aiais	aiáis	0	0	0	0	0	0	0	0	2
Word-medial semivowel /j/ ending a diphthong	i	Hayais	aiais	aiáis	0	0	0	0	0	0	0	0	2
Word-final semivowel /j/ ending a diphthong	j	Hay	aj	aj	2	0	0	0	0	1	1	0	0
Word-medial semivowel /j/ starting a diphthong	i	Antoni(o|a)	antonia	antonia	0	0	1	0	1	2	20	59	88
Word-medial semivowel /j/ starting a diphthong	i	Antoni(o|a)	antonio	antonio	1	0	9	21	434	30	1362	2723	3829
Word-medial semivowel /j/ starting a diphthong	j	Antoni(o|a)	antonja	antonja	0	0	0	0	0	1	0	0	0
Word-medial semivowel /j/ starting a diphthong	j	Antoni(o|a)	antonjo	antonjo	0	0	1	4	25	65	115	6	2
Word-medial semivowel /j/ starting a diphthong	i	Antoni(o|a)	antonnio	antonnio	0	0	0	0	0	0	0	1	0
Word-medial semivowel /j/ starting a diphthong	y	Antoni(o|a)	antonya	antonya	0	0	0	0	0	0	0	0	1
Word-medial semivowel /j/ starting a diphthong	y	Antoni(o|a)	antonyo	antonyo	0	0	0	0	16	0	7	93	14
Word-medial semivowel /j/ starting a diphthong	i	Antoni(o|a)	antonia	antonía	0	0	0	0	0	0	0	1	1
Word-medial semivowel /j/ starting a diphthong	i	Antoni(o|a)	antonio	antonío	0	0	0	0	0	0	0	0	1
Word-medial semivowel /j/ starting a diphthong	i	Antoni(o|a)	antonio	antonïo	0	0	0	0	0	0	0	0	1
Word-medial semivowel /j/ starting a diphthong	i	Antoni(o|a)	anttonia	anttonia	0	0	0	0	0	0	0	0	1
Word-medial semivowel /j/ starting a diphthong	i	Antoni(o|a)	anttonio	anttonio	0	0	0	0	0	0	0	0	9
Word-medial semivowel /j/ ending a diphthong	i	Hareis	areis	areis	2	7	0	0	0	0	1	2	3
Word-medial semivowel /j/ ending a diphthong	i	Hareis	areiz	areiz	0	0	0	0	1	0	0	0	0
Word-medial semivowel /j/ ending a diphthong	y	Hareis	areys	areys	0	0	1	0	0	1	5	1	2
Word-medial semivowel /j/ ending a diphthong	y	Hareis	arreyz	arreyz	0	0	1	0	0	0	0	0	0
Word-medial semivowel /j/ ending a diphthong	i	Hareis	areis	aréis	0	0	0	0	0	0	0	0	1
Word-medial semivowel /j/ ending a diphthong	y	Hareis	areys	aréys	0	0	0	0	0	0	0	2	0
Word-medial semivowel /j/ ending a diphthong	y	Haceis	aseys	aseys	0	0	0	0	2	0	0	0	0
Word-medial semivowel /j/ starting a diphthong	i	Haciendo	asiendo	asiendo	0	0	0	0	0	0	7	18	65
Word-medial semivowel /j/ starting a diphthong	i	Haciendo	assiendo	assiendo	0	0	0	0	0	0	0	2	6
Word-medial semivowel /j/ ending a diphthong	i	Habeis	aueis	aueis	0	0	0	0	0	2	1	17	8
Word-medial semivowel /j/ ending a diphthong	y	Habeis	aueys	aueys	0	1	1	0	8	2	47	74	218
Word-medial semivowel /j/ starting a diphthong	i	Habiendo	auiendo	auiendo	4	21	206	53	293	34	354	528	513
Word-medial semivowel /j/ starting a diphthong	j	Habiendo	aujendo	aujendo	4	0	8	43	1	45	3	4	0
Word-medial semivowel /j/ starting a diphthong	i	Habiendo	auuiendo	auuiendo	0	0	0	0	0	0	0	0	1
Word-medial semivowel /j/ starting a diphthong	y	Habiendo	auyendo	auyendo	0	0	19	16	0	0	0	0	0
Word-medial semivowel /j/ ending a diphthong	i	Habeis	aueis	auéis	0	0	0	0	0	1	0	1	19
Word-medial semivowel /j/ ending a diphthong	y	Habeis	aueys	auéys	0	0	0	0	0	0	2	242	156
Word-medial semivowel /j/ starting a diphthong	i	Habiendo	auiendo	auíendo	0	0	0	0	0	0	0	1	0
Word-medial semivowel /j/ ending a diphthong	i	Habeis	aveis	aveis	0	0	1	1	0	0	19	39	11
Word-medial semivowel /j/ ending a diphthong	y	Habeis	aveys	aveys	2	0	1	0	16	1	104	78	25
Word-medial semivowel /j/ ending a diphthong	i	Habeis	aveis	aveís	0	0	0	0	0	0	0	1	1
Word-medial semivowel /j/ ending a diphthong	y	Habeis	aveys	aveýs	0	0	0	0	0	0	0	2	0
Word-medial semivowel /j/ starting a diphthong	i	Habiendo	aviendo	aviendo	77	16	76	80	26	261	453	1277	1617
Word-medial semivowel /j/ starting a diphthong	y	Habiendo	avyendo	avyendo	0	0	0	0	0	0	7	2	0
Word-medial semivowel /j/ ending a diphthong	i	Habeis	aveis	avéis	2	0	66	0	4	16	191	1142	358
Word-medial semivowel /j/ ending a diphthong	y	Habeis	aveys	avéys	1	0	0	1	0	7	53	662	209
Word-final semivowel /j/ ending a diphthong	y	Hay	ay	ay	176	151	772	798	322	2306	4431	12153	12698
Word-medial semivowel /j/ starting a diphthong	y	Hayais	ayais	ayais	0	0	0	0	0	0	12	13	9
Word-medial semivowel /j/ ending a diphthong	y	Hayais	ayais	ayais	0	0	0	0	0	0	12	13	9
Word-medial semivowel /j/ starting a diphthong	y	Hayais	ayajs	ayajs	0	0	0	0	0	0	10	0	0
Word-medial semivowel /j/ ending a diphthong	y	Hayais	ayajs	ayajs	0	0	0	0	0	0	10	0	0
Word-medial semivowel /j/ starting a diphthong	y	Hayais	ayays	ayays	0	0	1	0	1	0	37	60	21
Word-medial semivowel /j/ ending a diphthong	y	Hayais	ayays	ayays	0	0	1	0	1	0	37	60	21
Word-medial semivowel /j/ starting a diphthong	y	Hayais	ayays	ayaýs	0	0	0	0	0	0	0	0	1
Word-medial semivowel /j/ ending a diphthong	y	Hayais	ayays	ayaýs	0	0	0	0	0	0	0	0	1
Word-medial semivowel /j/ starting a diphthong	y	Ayer	ayer	ayer	32	4	21	48	3	43	250	463	657
Word-medial semivowel /j/ starting a diphthong	y	Hayais	ayais	ayáis	0	0	12	0	0	1	31	91	33
Word-medial semivowel /j/ ending a diphthong	y	Hayais	ayais	ayáis	0	0	12	0	0	1	31	91	33
Word-medial semivowel /j/ starting a diphthong	y	Hayais	ayays	ayáys	0	0	0	0	0	1	7	69	9
Word-medial semivowel /j/ ending a diphthong	y	Hayais	ayays	ayáys	0	0	0	0	0	1	7	69	9
Word-medial semivowel /j/ starting a diphthong	i	Haciendo	aziendo	aziendo	0	0	0	0	0	0	3	4	11
Word-medial semivowel /j/ ending a diphthong	y	Haceis	azeys	azéys	0	0	0	0	0	0	0	1	0
Word-medial semivowel /j/ starting a diphthong	i	Haciendo	aciendo	açiendo	0	0	0	0	0	0	0	4	5
Word-medial semivowel /j/ starting a diphthong	i	Haciendo	aciendo	açiéndo	0	0	0	0	0	0	0	0	1
Word-final semivowel /j/ ending a diphthong	i	Hay	ai	aí	0	0	64	1	0	18	224	284	94
Word-final semivowel /j/ ending a diphthong	i	Hay	ai	aï	0	2	0	0	0	0	0	0	0
Word-final semivowel /j/ ending a diphthong	y	Hay	ay	aý	0	0	9	16	0	93	38	2978	238
Word-medial semivowel /j/ starting a diphthong	i	Vaya(mos|n|s)	baian	baian	2	1	1	0	0	0	1	1	4
Word-medial semivowel /j/ starting a diphthong	i	Vaya(mos|n|s)	baias	baias	0	0	0	0	0	0	5	0	0
Word-medial semivowel /j/ ending a diphthong	i	Vais	bais	bais	1	0	0	0	0	1	0	1	7
Word-medial semivowel /j/ starting a diphthong	j	Vayais	bajais	bajais	0	0	0	0	0	0	0	0	1
Word-medial semivowel /j/ ending a diphthong	j	Vayais	bajais	bajais	0	0	0	0	0	0	0	0	1
Word-medial semivowel /j/ starting a diphthong	j	Vaya(mos|n|s)	bajamos	bajamos	0	0	0	0	0	0	0	6	18
Word-medial semivowel /j/ starting a diphthong	j	Vaya(mos|n|s)	bajan	bajan	0	0	0	0	0	0	13	30	93
Word-medial semivowel /j/ starting a diphthong	j	Vaya(mos|n|s)	bajas	bajas	0	0	0	0	0	0	16	89	296
Word-medial semivowel /j/ starting a diphthong	j	Vayais	bajais	bajáis	0	0	0	0	0	0	0	0	3
Word-medial semivowel /j/ ending a diphthong	j	Vayais	bajais	bajáis	0	0	0	0	0	0	0	0	3
Word-medial semivowel /j/ starting a diphthong	y	Vaya(mos|n|s)	bayamo	bayamo	0	0	0	0	0	0	0	2	2
Word-medial semivowel /j/ starting a diphthong	y	Vaya(mos|n|s)	bayamon	bayamon	0	0	0	0	0	0	0	0	1
Word-medial semivowel /j/ starting a diphthong	y	Vaya(mos|n|s)	bayamos	bayamos	0	0	1	0	0	0	0	1	0
Word-medial semivowel /j/ starting a diphthong	y	Vaya(mos|n|s)	bayamon	bayamón	0	0	0	0	0	0	0	1	0
Word-medial semivowel /j/ starting a diphthong	y	Vaya(mos|n|s)	bayan	bayan	2	0	4	2	1	6	13	29	18
Word-medial semivowel /j/ starting a diphthong	y	Vaya(mos|n|s)	bayano	bayano	0	0	0	0	0	0	0	1	3
Word-medial semivowel /j/ starting a diphthong	y	Vaya(mos|n|s)	bayas	bayas	0	7	0	0	1	0	3	6	38
Word-medial semivowel /j/ starting a diphthong	y	Vaya(mos|n|s)	bayano	bayaño	0	0	0	0	0	0	0	2	0
Word-medial semivowel /j/ ending a diphthong	y	Vais	bays	bays	0	0	0	0	3	0	0	4	2
Word-medial semivowel /j/ starting a diphthong	i	Vaya(mos|n|s)	baias	baías	0	0	0	0	0	0	1	0	1
Word-medial semivowel /j/ starting a diphthong	y	Vaya(mos|n|s)	bayas	baýas	0	0	0	0	0	0	0	6	3
Word-medial vowel /i/	i	Catalina	catalina	catalina	29	3	134	60	1	104	342	558	739
Word-medial vowel /i/	j	Catalina	cataljna	cataljna	2	0	0	0	11	0	0	2	0
Word-medial vowel /i/	i	Catalina	catallina	catallina	0	0	0	1	0	0	0	0	0
Word-medial vowel /i/	j	Catalina	catalljna	catalljna	3	0	0	0	0	0	0	0	0
Word-medial vowel /i/	y	Catalina	catalyna	catalyna	1	0	15	0	0	1	1	0	0
Word-medial vowel /i/	i	Catalina	cattalina	cattalina	0	0	0	0	0	0	0	4	2
Word-medial vowel /i/	i	Cid	cid	cid	23	0	77	1	0	4	1373	2015	341
Word-medial vowel /i/	i	Cidi	cidi	cidi	4	0	0	0	0	0	3	13	5
Word-final vowel /i/	i	Cidi	cidi	cidi	4	0	0	0	0	0	3	13	5
Word-medial vowel /i/	i	Cidi	cidy	cidy	0	0	0	0	0	0	1	0	0
Word-final vowel /i/	y	Cidi	cidy	cidy	0	0	0	0	0	0	1	0	0
Word-medial semivowel /j/ starting a diphthong	i	Siendo	ciendo	ciendo	0	0	0	0	0	0	2	0	3
Word-medial vowel /i/	j	Cid	cjd	cjd	1	0	0	0	0	0	0	0	0
Word-medial vowel /i/	y	Cid	cyd	cyd	0	0	0	0	0	0	4	0	0
Word-medial vowel /i/	i	Elvira	elbira	elbira	0	0	1	2	0	0	2	4	1
Word-medial vowel /i/	i	Elvira	eluira	eluira	60	57	101	3	1	31	33	103	10
Word-medial vowel /i/	j	Elvira	elujra	elujra	4	0	1	32	0	1	0	0	0
Word-medial vowel /i/	y	Elvira	eluyra	eluyra	0	0	10	0	0	0	2	1	0
Word-medial vowel /i/	i	Elvira	elvira	elvira	19	4	58	22	8	10	163	42	497
Word-medial vowel /i/	y	Elvira	elvyra	elvyra	0	0	0	1	0	0	0	0	0
Word-final vowel /i/	i	Heri	eri	eri	0	2	1	0	0	1	31	0	25
Word-medial vowel /i/	i	Her(is|iste)	erice	erice	0	0	0	0	0	0	2	2	5
Word-medial vowel /i/	i	Her(is|iste)	eris	eris	0	0	0	0	0	4	386	13	26
Word-medial vowel /i/	i	Her(is|iste)	eriz	eriz	6	0	0	0	0	0	0	0	0
Word-medial vowel /i/	i	Her(is|iste)	erice	eriçe	0	1	0	0	0	0	0	0	2
Word-medial vowel /i/	i	Her(is|iste)	erriz	erriz	0	0	0	0	0	0	1	0	0
Word-medial consonant /d͡ʒ/ or /ʃ/	g	Escogi	escogi	escogi	0	0	1	0	2	1	3	6	31
Word-final vowel /i/	i	Escogi	escogi	escogi	0	0	1	0	2	1	3	6	31
Word-medial consonant /d͡ʒ/ or /ʃ/	g	Escogi	escogi	escogí	1	0	0	2	0	0	8	19	24
Word-final vowel /i/	i	Escogi	escogi	escogí	1	0	0	2	0	0	8	19	24
Word-medial consonant /d͡ʒ/ or /ʃ/	j	Escogi	escoji	escojí	0	0	0	0	0	0	1	1	2
Word-final vowel /i/	i	Escogi	escoji	escojí	0	0	0	0	0	0	1	1	2
Word-final vowel /i/	i	Fui	ffui	ffui	0	0	0	3	0	0	0	1	2
Word-medial vowel /i/	i	Fui(mos|ste)	ffuimos	ffuimos	0	0	0	0	0	0	0	1	0
Word-medial vowel /i/	i	Fui(mos|ste)	ffuit	ffuit	1	0	0	0	0	0	0	0	0
Word-final vowel /i/	y	Fui	ffuy	ffuy	16	4	0	9	0	0	0	2	0
Word-medial vowel /i/	y	Fui(mos|ste)	ffuyeen	ffuyeen	0	0	0	1	0	0	0	0	0
Word-final vowel /i/	i	Fui	ffui	ffuí	0	0	0	0	0	0	0	0	2
Word-medial semivowel /j/ ending a diphthong	i	Fue(r|s)(a|e)is	fuerais	fuerais	0	0	0	0	0	0	2	2	4
Word-medial semivowel /j/ ending a diphthong	i	Fue(r|s)(a|e)is	fuereis	fuereis	0	0	0	0	0	0	1	1	0
Word-medial semivowel /j/ ending a diphthong	y	Fue(r|s)(a|e)is	fuereys	fuereys	0	0	0	0	0	0	0	0	1
Word-medial semivowel /j/ ending a diphthong	i	Fue(r|s)(a|e)is	fueseis	fueseis	0	0	0	1	0	0	0	2	0
Word-medial semivowel /j/ ending a diphthong	i	Fue(r|s)(a|e)is	fuesseis	fuesseis	0	0	0	0	0	0	0	1	2
Word-medial semivowel /j/ ending a diphthong	y	Fue(r|s)(a|e)is	fuesseys	fuesseys	0	0	0	0	0	0	0	0	1
Word-final vowel /i/	i	Fui	fui	fui	48	25	59	35	35	130	197	507	905
Word-medial vowel /i/	i	Fui(mos|ste)	fuie	fuie	0	0	0	0	3	0	0	0	0
Word-medial vowel /i/	i	Fui(mos|ste)	fuien	fuien	1	0	0	0	0	0	0	0	0
Word-medial vowel /i/	i	Fui(mos|ste)	fuiesse	fuiesse	0	0	0	0	1	0	0	0	0
Word-medial vowel /i/	i	Fui(mos|ste)	fuime	fuime	0	1	0	7	1	1	1	11	38
Word-medial vowel /i/	i	Fui(mos|ste)	fuimonos	fuimonos	0	0	0	0	0	0	0	0	1
Word-medial vowel /i/	i	Fui(mos|ste)	fuimos	fuimos	3	0	8	2	2	6	30	469	513
Word-medial vowel /i/	i	Fui(mos|ste)	fuino	fuino	0	0	0	0	0	0	1	0	0
Word-medial vowel /i/	i	Fui(mos|ste)	fuis	fuis	0	1	0	0	1	0	0	2	1
Word-medial vowel /i/	i	Fui(mos|ste)	fuise	fuise	0	0	0	0	0	1	0	0	0
Word-medial vowel /i/	i	Fui(mos|ste)	fuisem	fuisem	0	0	0	0	0	0	0	0	1
Word-medial vowel /i/	i	Fui(mos|ste)	fuisent	fuisent	1	0	0	0	0	0	0	0	0
Word-medial vowel /i/	i	Fui(mos|ste)	fuisse	fuisse	8	2	1	0	0	0	73	28	18
Word-medial vowel /i/	i	Fui(mos|ste)	fuissem	fuissem	1	0	0	0	0	0	9	0	1
Word-medial vowel /i/	i	Fui(mos|ste)	fuissen	fuissen	0	0	0	0	1	0	0	0	0
Word-medial vowel /i/	i	Fui(mos|ste)	fuissent	fuissent	4	1	1	0	0	0	1	3	1
Word-medial vowel /i/	i	Fui(mos|ste)	fuisset	fuisset	8	2	0	3	0	0	12	5	6
Word-medial vowel /i/	i	Fui(mos|ste)	fuist	fuist	0	1	0	0	0	0	0	0	0
Word-medial vowel /i/	i	Fui(mos|ste)	fuiste	fuiste	0	0	1	10	0	1	68	118	305
Word-medial vowel /i/	ui	Fuisteis	fuisteis	fuisteis	0	0	0	0	0	0	14	6	40
Word-medial semivowel /j/ ending a diphthong	eis	Fuisteis	fuisteis	fuisteis	0	0	0	0	0	0	14	6	40
Word-medial vowel /i/	i	Fui(mos|ste)	fuistes	fuistes	0	1	3	0	1	0	34	91	142
Word-medial vowel /i/	i	Fui(mos|ste)	fuistete	fuistete	0	0	0	0	0	0	0	0	1
Word-medial vowel /i/	ui	Fuisteis	fuisteys	fuisteys	0	0	0	0	0	0	0	2	1
Word-medial semivowel /j/ ending a diphthong	eys	Fuisteis	fuisteys	fuisteys	0	0	0	0	0	0	0	2	1
Word-medial vowel /i/	ui	Fuisteis	fuisteis	fuistéis	0	0	0	0	0	0	0	2	1
Word-medial semivowel /j/ ending a diphthong	eis	Fuisteis	fuisteis	fuistéis	0	0	0	0	0	0	0	2	1
Word-medial vowel /i/	i	Fui(mos|ste)	fuit	fuit	306	50	30	18	1	9	1036	48	68
Word-medial vowel /i/	i	Fui(mos|ste)	fuie	fuié	0	0	0	0	0	2	0	0	0
Word-medial vowel /i/	i	Fui(mos|ste)	fuien	fuién	0	0	0	0	0	4	0	0	0
Word-final vowel /i/	j	Fui	fuj	fuj	3	0	0	0	1	0	0	0	0
Word-medial vowel /i/	j	Fui(mos|ste)	fuje	fuje	0	0	0	0	0	0	3	0	0
Word-medial vowel /i/	j	Fui(mos|ste)	fujen	fujen	0	0	0	0	0	0	4	0	0
Word-medial vowel /i/	j	Fui(mos|ste)	fujentes	fujentes	0	0	0	0	0	0	1	0	0
Word-medial vowel /i/	j	Fui(mos|ste)	fujme	fujme	1	0	0	0	0	0	0	0	0
Word-medial vowel /i/	j	Fui(mos|ste)	fujmos	fujmos	0	0	0	0	0	0	1	0	0
Word-medial vowel /i/	j	Fui(mos|ste)	fujo	fujo	0	0	0	0	1	0	1	0	1
Word-medial vowel /i/	j	Fui(mos|ste)	fujs	fujs	0	0	0	0	0	0	1	0	0
Word-medial vowel /i/	j	Fui(mos|ste)	fujstes	fujstes	0	0	0	0	0	0	1	0	0
Word-medial vowel /i/	j	Fui(mos|ste)	fujt	fujt	0	0	0	1	0	0	0	0	0
Word-final vowel /i/	y	Fui	fuy	fuy	140	60	418	302	83	128	411	193	322
Word-medial vowel /i/	y	Fui(mos|ste)	fuye	fuye	1	2	31	5	41	71	93	3	3
Word-medial vowel /i/	y	Fui(mos|ste)	fuyen	fuyen	2	5	26	6	67	41	99	7	3
Word-medial vowel /i/	y	Fui(mos|ste)	fuyent	fuyent	0	0	0	0	3	0	0	0	0
Word-medial vowel /i/	y	Fui(mos|ste)	fuyente	fuyente	0	0	0	0	0	6	1	0	0
Word-medial vowel /i/	y	Fui(mos|ste)	fuyentes	fuyentes	0	0	1	0	12	6	2	0	5
Word-medial vowel /i/	y	Fui(mos|ste)	fuyents	fuyents	0	0	0	0	1	0	0	0	0
Word-medial vowel /i/	y	Fui(mos|ste)	fuyes	fuyes	0	1	0	0	18	6	2	0	0
Word-medial vowel /i/	y	Fui(mos|ste)	fuyese	fuyese	0	0	0	4	5	13	10	0	0
Word-medial vowel /i/	y	Fui(mos|ste)	fuyesen	fuyesen	1	0	0	0	7	8	11	1	0
Word-medial vowel /i/	y	Fui(mos|ste)	fuyesse	fuyesse	0	1	2	3	24	2	13	2	0
Word-medial vowel /i/	y	Fui(mos|ste)	fuyessen	fuyessen	0	0	0	0	22	0	4	0	0
Word-medial vowel /i/	y	Fui(mos|ste)	fuyesssen	fuyesssen	0	0	0	0	1	0	0	0	0
Word-medial vowel /i/	y	Fui(mos|ste)	fuyeste	fuyeste	0	0	0	0	1	0	0	0	0
Word-medial vowel /i/	y	Fui(mos|ste)	fuyme	fuyme	0	0	1	0	0	1	2	7	2
Word-medial vowel /i/	y	Fui(mos|ste)	fuymonos	fuymonos	0	0	0	0	0	0	0	0	2
Word-medial vowel /i/	y	Fui(mos|ste)	fuymos	fuymos	3	0	1	2	2	8	22	87	32
Word-medial vowel /i/	y	Fui(mos|ste)	fuymosnos	fuymosnos	0	0	0	0	0	0	1	0	0
Word-medial vowel /i/	y	Fui(mos|ste)	fuyne	fuyne	0	1	0	0	0	0	0	0	0
Word-medial vowel /i/	y	Fui(mos|ste)	fuyo	fuyo	1	0	11	60	354	116	52	1	33
Word-medial vowel /i/	y	Fui(mos|ste)	fuyosen	fuyosen	0	0	0	1	0	0	0	0	0
Word-medial vowel /i/	y	Fui(mos|ste)	fuyosse	fuyosse	0	1	2	0	0	0	0	0	0
Word-medial vowel /i/	y	Fui(mos|ste)	fuys	fuys	0	0	0	0	0	0	2	1	0
Word-medial vowel /i/	y	Fui(mos|ste)	fuyset	fuyset	1	0	0	0	0	0	0	0	0
Word-medial vowel /i/	y	Fui(mos|ste)	fuysse	fuysse	0	0	0	0	1	0	0	0	0
Word-medial vowel /i/	y	Fui(mos|ste)	fuysses	fuysses	0	0	0	0	0	1	0	0	0
Word-medial vowel /i/	y	Fui(mos|ste)	fuyste	fuyste	0	0	3	0	0	16	2	36	25
Word-medial vowel /i/	y	Fui(mos|ste)	fuystes	fuystes	3	0	0	5	0	2	12	109	19
Word-medial vowel /i/	uy	Fuisteis	fuysteys	fuysteys	0	0	0	0	0	0	0	1	1
Word-medial semivowel /j/ ending a diphthong	eys	Fuisteis	fuysteys	fuysteys	0	0	0	0	0	0	0	1	1
Word-medial vowel /i/	y	Fui(mos|ste)	fuyt	fuyt	0	0	1	1	1	5	4	0	0
Word-medial vowel /i/	y	Fui(mos|ste)	fuye	fuyé	0	1	0	0	0	1	0	0	0
Word-medial vowel /i/	y	Fui(mos|ste)	fuyen	fuyén	0	2	0	0	0	0	0	0	8
Word-medial vowel /i/	y	Fui(mos|ste)	fuyesemos	fuyésemos	0	0	0	0	0	0	1	0	0
Word-medial vowel /i/	y	Fui(mos|ste)	fuyo	fuyó	0	2	3	4	0	38	99	15	1
Word-medial semivowel /j/ ending a diphthong	i	Fue(r|s)(a|e)is	fuerais	fuérais	0	0	0	0	0	0	1	0	0
Word-final vowel /i/	i	Fui	fui	fuí	0	0	0	2	1	3	114	330	178
Word-medial vowel /i/	i	Fui(mos|ste)	fuime	fuíme	0	0	0	0	0	0	8	14	17
Word-medial vowel /i/	i	Fui(mos|ste)	fuimonos	fuímonos	0	0	0	0	0	0	0	10	7
Word-medial vowel /i/	i	Fui(mos|ste)	fuimos	fuímos	0	0	0	0	0	0	2	1	22
Word-medial vowel /i/	i	Fui(mos|ste)	fuis	fuís	0	0	0	0	0	0	2	1	0
Word-medial vowel /i/	ui	Fuisteis	fuisteis	fuísteis	0	0	0	0	0	0	2	2	2
Word-medial semivowel /j/ ending a diphthong	eis	Fuisteis	fuisteis	fuísteis	0	0	0	0	0	0	2	2	2
Word-medial vowel /i/	i	Fui(mos|ste)	fuistes	fuístes	0	0	0	0	0	0	2	0	0
Word-medial vowel /i/	i	Fui(mos|ste)	fuistesos	fuístesos	0	0	0	0	0	0	0	0	1
Word-medial vowel /i/	i	Fui(mos|ste)	fuistete	fuístete	0	0	0	0	0	0	0	0	1
Word-final vowel /i/	y	Fui	fuy	fuý	0	0	0	0	0	2	0	23	0
Word-medial vowel /i/	y	Fui(mos|ste)	fuyme	fuýme	0	0	0	0	0	0	0	1	0
Word-medial vowel /i/	y	Fui(mos|ste)	fuymonos	fuýmonos	0	0	0	0	0	0	0	4	0
Word-medial vowel /i/	y	Fui(mos|ste)	fuymos	fuýmos	0	0	0	0	0	2	0	0	1
Word-final vowel /i/	y	Fui	fvy	fvy	0	0	0	0	0	0	0	0	1
Word-final vowel /i/	i	Fui	fui	fúi	0	8	0	0	0	0	0	0	0
Word-medial vowel /i/	i	Fui(mos|ste)	fuistete	fúistete	0	0	0	0	0	0	0	0	1
Word-initial consonant /d͡ʒ/ or /ʃ/	g	Gentil…	gentil	gentil	0	1	5	4	67	245	193	1379	1026
Word-medial vowel /i/	i	Gentil…	gentil	gentil	0	1	5	4	67	245	193	1379	1026
Word-initial consonant /d͡ʒ/ or /ʃ/	g	Gentil…	genttil	genttil	0	0	0	0	0	0	0	1	0
Word-medial vowel /i/	i	Gentil…	genttil	genttil	0	0	0	0	0	0	0	1	0
Word-initial consonant /d͡ʒ/ or /ʃ/	g	Gentil…	gentyl	gentyl	0	0	0	0	0	2	0	0	0
Word-medial vowel /i/	y	Gentil…	gentyl	gentyl	0	0	0	0	0	2	0	0	0
Word-initial consonant /d͡ʒ/ or /ʃ/	g	Gentil…	gentil	gentíl	0	0	0	0	0	0	0	1	0
Word-medial vowel /i/	i	Gentil…	gentil	gentíl	0	0	0	0	0	0	0	1	0
Word-medial semivowel /j/ starting a diphthong	i	Guiomar	guiomar	guiomar	0	2	0	0	0	37	9	79	19
Word-medial semivowel /j/ starting a diphthong	j	Guiomar	gujomar	gujomar	0	0	0	0	0	0	0	3	0
Word-medial semivowel /j/ ending a diphthong	i	Habeis	habeis	habeis	0	0	1	0	0	0	220	168	335
Word-medial semivowel /j/ ending a diphthong	y	Habeis	habeys	habeys	0	0	3	0	0	0	1	27	0
Word-medial semivowel /j/ starting a diphthong	i	Habiendo	habiendo	habiendo	1	1	3	1	0	2	165	1149	4386
Word-medial semivowel /j/ ending a diphthong	i	Habeis	habeis	habéis	0	0	0	0	0	0	15	828	2324
Word-medial semivowel /j/ ending a diphthong	y	Habeis	habeys	habéys	0	0	0	0	0	0	0	0	5
Word-medial semivowel /j/ ending a diphthong	i	Haceis	haceis	haceis	0	0	0	0	0	0	33	20	60
Word-medial semivowel /j/ ending a diphthong	y	Haceis	haceys	haceys	0	0	0	0	0	0	0	0	3
Word-medial semivowel /j/ ending a diphthong	i	Haceis	haceis	haceís	0	0	0	0	0	0	0	0	1
Word-medial semivowel /j/ starting a diphthong	i	Haciendo	haciendo	haciendo	0	0	0	0	3	0	267	926	3255
Word-medial semivowel /j/ starting a diphthong	i	Haciendo	haciendo	haciéndo	0	0	0	0	0	0	0	0	1
Word-medial semivowel /j/ ending a diphthong	i	Haceis	haceis	hacéis	0	0	0	0	0	0	2	122	268
Word-medial semivowel /j/ ending a diphthong	y	Haceis	haceys	hacéys	0	0	0	0	0	0	0	0	2
Word-medial semivowel /j/ ending a diphthong	i	Hagais	hagais	hagais	0	0	0	0	0	0	48	69	39
Word-medial semivowel /j/ ending a diphthong	j	Hagais	hagajs	hagajs	0	0	0	0	0	0	2	0	0
Word-medial semivowel /j/ ending a diphthong	y	Hagais	hagays	hagays	0	0	0	0	0	0	26	78	17
Word-medial semivowel /j/ ending a diphthong	y	Hagais	hagays	hagaýs	0	0	0	0	0	0	0	1	0
Word-medial semivowel /j/ ending a diphthong	i	Hagais	hagais	hagáis	0	0	4	0	0	0	36	213	227
Word-medial semivowel /j/ ending a diphthong	y	Hagais	hagays	hagáys	0	0	0	0	0	0	2	99	19
Word-final semivowel /j/ ending a diphthong	i	Hay	hai	hai	0	0	0	1	0	0	34	7	325
Word-medial semivowel /j/ ending a diphthong	i	Hareis	hareis	hareis	0	0	0	0	0	0	17	61	88
Word-medial semivowel /j/ ending a diphthong	y	Hareis	hareys	hareys	0	0	0	0	0	0	21	33	16
Word-medial semivowel /j/ ending a diphthong	y	Hareis	hareys	hareýs	0	0	0	0	0	0	0	0	1
Word-medial semivowel /j/ ending a diphthong	i	Hareis	hareis	haréis	0	0	9	0	0	0	24	147	241
Word-medial semivowel /j/ ending a diphthong	y	Hareis	hareys	haréys	1	0	0	0	0	0	7	46	40
Word-medial vowel /i/	i	Hariais	hariais	haríais	0	0	0	0	0	0	0	3	0
Word-medial semivowel /j/ ending a diphthong	i	Hariais	hariais	haríais	0	0	0	0	0	0	0	3	0
Word-medial semivowel /j/ starting a diphthong	i	Haciendo	hasiendo	hasiendo	0	0	0	0	0	1	8	3	6
Word-medial semivowel /j/ starting a diphthong	y	Haciendo	hasyendo	hasyendo	0	0	0	0	0	1	2	2	0
Word-medial semivowel /j/ ending a diphthong	i	Haceis	haseis	haséis	0	0	0	0	0	0	0	0	1
Word-medial semivowel /j/ ending a diphthong	i	Habeis	haueis	haueis	0	0	0	0	0	0	10	5	10
Word-medial semivowel /j/ ending a diphthong	y	Habeis	haueys	haueys	0	0	0	0	0	0	504	44	80
Word-medial semivowel /j/ starting a diphthong	i	Habiendo	hauiendo	hauiendo	0	1	4	0	25	7	291	51	108
Word-medial semivowel /j/ starting a diphthong	j	Habiendo	haujendo	haujendo	0	0	0	0	19	0	0	0	0
Word-medial semivowel /j/ ending a diphthong	i	Habeis	haueis	hauéis	0	0	0	0	0	0	0	13	8
Word-medial semivowel /j/ ending a diphthong	y	Habeis	haueys	hauéys	0	0	0	0	0	0	4	7	132
Word-medial semivowel /j/ ending a diphthong	i	Habeis	haveis	haveis	0	0	2	1	0	0	0	8	2
Word-medial semivowel /j/ ending a diphthong	y	Habeis	haveys	haveys	0	0	0	1	0	0	4	64	2
Word-medial semivowel /j/ ending a diphthong	y	Habeis	haveys	haveýs	0	0	0	0	0	0	0	1	0
Word-medial semivowel /j/ starting a diphthong	i	Habiendo	haviendo	haviendo	0	0	8	3	1	10	64	214	379
Word-medial semivowel /j/ starting a diphthong	i	Habiendo	haviendo	haviéndo	0	0	0	0	0	0	0	1	2
Word-medial semivowel /j/ ending a diphthong	i	Habeis	haveis	havéis	0	0	1	0	0	3	162	112	343
Word-medial semivowel /j/ ending a diphthong	y	Habeis	haveys	havéys	0	0	0	0	1	1	0	205	91
Word-final semivowel /j/ ending a diphthong	y	Hay	hay	hay	2	6	40	21	58	402	2360	9333	23775
Word-medial semivowel /j/ starting a diphthong	y	Hayais	hayais	hayais	0	0	0	0	0	0	35	21	11
Word-medial semivowel /j/ ending a diphthong	y	Hayais	hayais	hayais	0	0	0	0	0	0	35	21	11
Word-medial semivowel /j/ starting a diphthong	y	Hayais	hayays	hayays	0	0	0	2	0	0	103	24	0
Word-medial semivowel /j/ ending a diphthong	y	Hayais	hayays	hayays	0	0	0	2	0	0	103	24	0
Word-medial semivowel /j/ starting a diphthong	y	Ayer	hayer	hayer	0	0	0	0	0	0	0	2	1
Word-medial semivowel /j/ starting a diphthong	y	Hayais	hayais	hayáis	0	0	0	0	0	1	17	64	126
Word-medial semivowel /j/ ending a diphthong	y	Hayais	hayais	hayáis	0	0	0	0	0	1	17	64	126
Word-medial semivowel /j/ starting a diphthong	y	Hayais	hayays	hayáys	0	0	0	0	0	0	0	3	3
Word-medial semivowel /j/ ending a diphthong	y	Hayais	hayays	hayáys	0	0	0	0	0	0	0	3	3
Word-medial semivowel /j/ ending a diphthong	i	Haceis	hazeis	hazeis	0	0	0	0	0	0	2	2	9
Word-medial semivowel /j/ ending a diphthong	y	Haceis	hazeys	hazeys	0	0	0	0	1	0	8	40	60
Word-medial semivowel /j/ starting a diphthong	i	Haciendo	haziendo	haziendo	10	0	18	0	4	13	265	1359	1990
Word-medial semivowel /j/ starting a diphthong	i	Haciendo	haziendo	haziéndo	0	0	0	0	0	0	0	0	2
Word-medial semivowel /j/ starting a diphthong	j	Haciendo	hazjendo	hazjendo	0	0	0	0	0	4	0	0	0
Word-medial semivowel /j/ starting a diphthong	y	Haciendo	hazyendo	hazyendo	0	0	0	0	0	0	1	2	0
Word-medial semivowel /j/ ending a diphthong	i	Haceis	hazeis	hazéis	0	0	3	0	0	0	29	106	81
Word-medial semivowel /j/ ending a diphthong	y	Haceis	hazeys	hazéys	0	0	0	0	0	0	5	150	53
Word-medial semivowel /j/ ending a diphthong	y	Haceis	haceys	haçeys	0	0	0	0	0	1	0	0	0
Word-medial semivowel /j/ starting a diphthong	i	Haciendo	haciendo	haçiendo	0	0	1	0	0	1	8	16	24
Word-medial semivowel /j/ ending a diphthong	i	Haceis	haceis	haçéis	0	0	0	0	0	0	0	1	0
Word-medial semivowel /j/ ending a diphthong	y	Haceis	haceys	haçéys	0	0	0	0	0	0	0	0	1
Word-final semivowel /j/ ending a diphthong	i	Hay	hai	haí	0	0	4	0	0	0	1	3	1
Word-final semivowel /j/ ending a diphthong	y	Hay	hay	haý	0	0	0	0	0	0	0	5	2
Word-medial vowel /i/	i	Elvira	heluira	heluira	1	0	0	0	0	0	0	0	0
Word-final vowel /i/	i	Heri	heri	heri	0	0	0	0	0	0	26	1	5
Word-medial vowel /i/	i	Her(is|iste)	heris	heris	0	0	0	0	0	0	1	1	2
Word-medial vowel /i/	i	Her(is|iste)	heriste	heriste	0	0	0	0	0	0	0	10	15
Word-final vowel /i/	i	Heri	heri	herí	0	0	0	0	0	0	0	16	7
Word-medial vowel /i/	i	Her(is|iste)	heris	herís	0	0	0	0	0	0	0	2	11
Word-initial vowel /i/	i	Hicie(r|s)(a|e)(mos|n|s)?	hiciera	hiciera	0	0	0	0	0	0	59	274	450
Word-medial semivowel /j/ starting a diphthong	i	Hicie(r|s)(a|e)(mos|n|s)?	hiciera	hiciera	0	0	0	0	0	0	59	274	450
Word-initial vowel /i/	i	Hicie(r|s)(a|e)is	hicierais	hicierais	0	0	0	0	0	0	0	2	2
Word-medial semivowel /j/ starting a diphthong	i	Hicie(r|s)(a|e)is	hicierais	hicierais	0	0	0	0	0	0	0	2	2
Word-medial semivowel /j/ ending a diphthong	i	Hicie(r|s)(a|e)is	hicierais	hicierais	0	0	0	0	0	0	0	2	2
Word-initial vowel /i/	i	Hicie(r|s)(a|e)(mos|n|s)?	hicieran	hicieran	0	0	0	0	0	0	6	104	157
Word-medial semivowel /j/ starting a diphthong	i	Hicie(r|s)(a|e)(mos|n|s)?	hicieran	hicieran	0	0	0	0	0	0	6	104	157
Word-initial vowel /i/	i	Hicie(r|s)(a|e)(mos|n|s)?	hicieras	hicieras	0	0	0	0	0	0	4	3	35
Word-medial semivowel /j/ starting a diphthong	i	Hicie(r|s)(a|e)(mos|n|s)?	hicieras	hicieras	0	0	0	0	0	0	4	3	35
Word-initial vowel /i/	i	Hicie(r|s)(a|e)(mos|n|s)?	hiciere	hiciere	0	1	1	0	0	0	56	268	718
Word-medial semivowel /j/ starting a diphthong	i	Hicie(r|s)(a|e)(mos|n|s)?	hiciere	hiciere	0	1	1	0	0	0	56	268	718
Word-initial vowel /i/	i	Hicie(r|s)(a|e)is	hiciereis	hiciereis	0	0	0	0	0	0	0	1	1
Word-medial semivowel /j/ starting a diphthong	i	Hicie(r|s)(a|e)is	hiciereis	hiciereis	0	0	0	0	0	0	0	1	1
Word-medial semivowel /j/ ending a diphthong	i	Hicie(r|s)(a|e)is	hiciereis	hiciereis	0	0	0	0	0	0	0	1	1
Word-initial vowel /i/	i	Hicie(r|s)(a|e)(mos|n|s)?	hicieremos	hicieremos	0	0	0	0	0	0	0	2	1
Word-medial semivowel /j/ starting a diphthong	i	Hicie(r|s)(a|e)(mos|n|s)?	hicieremos	hicieremos	0	0	0	0	0	0	0	2	1
Word-initial vowel /i/	i	Hicie(r|s)(a|e)(mos|n|s)?	hicieren	hicieren	0	1	0	0	0	0	62	106	388
Word-medial semivowel /j/ starting a diphthong	i	Hicie(r|s)(a|e)(mos|n|s)?	hicieren	hicieren	0	1	0	0	0	0	62	106	388
Word-initial vowel /i/	i	Hicie(r|s)(a|e)(mos|n|s)?	hicieres	hicieres	0	0	0	0	0	0	1	18	34
Word-medial semivowel /j/ starting a diphthong	i	Hicie(r|s)(a|e)(mos|n|s)?	hicieres	hicieres	0	0	0	0	0	0	1	18	34
Word-initial vowel /i/	i	Hicie(r|s)(a|e)(mos|n|s)?	hiciese	hiciese	0	0	0	0	0	0	184	1096	2362
Word-medial semivowel /j/ starting a diphthong	i	Hicie(r|s)(a|e)(mos|n|s)?	hiciese	hiciese	0	0	0	0	0	0	184	1096	2362
Word-initial vowel /i/	i	Hicie(r|s)(a|e)is	hicieseis	hicieseis	0	0	0	0	0	0	1	0	0
Word-medial semivowel /j/ starting a diphthong	i	Hicie(r|s)(a|e)is	hicieseis	hicieseis	0	0	0	0	0	0	1	0	0
Word-medial semivowel /j/ ending a diphthong	i	Hicie(r|s)(a|e)is	hicieseis	hicieseis	0	0	0	0	0	0	1	0	0
Word-initial vowel /i/	i	Hicie(r|s)(a|e)(mos|n|s)?	hiciesemos	hiciesemos	0	0	0	0	0	0	0	2	2
Word-medial semivowel /j/ starting a diphthong	i	Hicie(r|s)(a|e)(mos|n|s)?	hiciesemos	hiciesemos	0	0	0	0	0	0	0	2	2
Word-initial vowel /i/	i	Hicie(r|s)(a|e)(mos|n|s)?	hiciesen	hiciesen	0	0	0	0	2	0	187	619	1140
Word-medial semivowel /j/ starting a diphthong	i	Hicie(r|s)(a|e)(mos|n|s)?	hiciesen	hiciesen	0	0	0	0	2	0	187	619	1140
Word-initial vowel /i/	i	Hicie(r|s)(a|e)(mos|n|s)?	hicieses	hicieses	0	0	0	0	0	0	2	6	15
Word-medial semivowel /j/ starting a diphthong	i	Hicie(r|s)(a|e)(mos|n|s)?	hicieses	hicieses	0	0	0	0	0	0	2	6	15
Word-initial vowel /i/	i	Hicie(r|s)(a|e)(mos|n|s)?	hiciesse	hiciesse	0	0	0	0	0	0	3	3	14
Word-medial semivowel /j/ starting a diphthong	i	Hicie(r|s)(a|e)(mos|n|s)?	hiciesse	hiciesse	0	0	0	0	0	0	3	3	14
Word-initial vowel /i/	i	Hicie(r|s)(a|e)(mos|n|s)?	hiciessen	hiciessen	0	0	0	0	0	0	0	0	4
Word-medial semivowel /j/ starting a diphthong	i	Hicie(r|s)(a|e)(mos|n|s)?	hiciessen	hiciessen	0	0	0	0	0	0	0	0	4
Word-initial vowel /i/	i	Hicie(r|s)(a|e)(mos|n|s)?	hiciesses	hiciesses	0	0	0	0	0	0	0	1	0
Word-medial semivowel /j/ starting a diphthong	i	Hicie(r|s)(a|e)(mos|n|s)?	hiciesses	hiciesses	0	0	0	0	0	0	0	1	0
Word-initial vowel /i/	i	Hicie(r|s)(a|e)is	hicierais	hiciérais	0	0	0	0	0	0	0	1	0
Word-medial semivowel /j/ starting a diphthong	i	Hicie(r|s)(a|e)is	hicierais	hiciérais	0	0	0	0	0	0	0	1	0
Word-medial semivowel /j/ ending a diphthong	i	Hicie(r|s)(a|e)is	hicierais	hiciérais	0	0	0	0	0	0	0	1	0
Word-initial vowel /i/	i	Hicie(r|s)(a|e)(mos|n|s)?	hicieramos	hiciéramos	0	0	0	0	0	0	0	9	13
Word-medial semivowel /j/ starting a diphthong	i	Hicie(r|s)(a|e)(mos|n|s)?	hicieramos	hiciéramos	0	0	0	0	0	0	0	9	13
Word-initial vowel /i/	i	Hicie(r|s)(a|e)(mos|n|s)?	hicierannos	hiciérannos	0	0	0	0	0	0	0	1	0
Word-medial semivowel /j/ starting a diphthong	i	Hicie(r|s)(a|e)(mos|n|s)?	hicierannos	hiciérannos	0	0	0	0	0	0	0	1	0
Word-initial vowel /i/	i	Hicie(r|s)(a|e)is	hiciereis	hiciéreis	0	0	0	0	0	0	1	0	0
Word-medial semivowel /j/ starting a diphthong	i	Hicie(r|s)(a|e)is	hiciereis	hiciéreis	0	0	0	0	0	0	1	0	0
Word-medial semivowel /j/ ending a diphthong	i	Hicie(r|s)(a|e)is	hiciereis	hiciéreis	0	0	0	0	0	0	1	0	0
Word-initial vowel /i/	i	Hicie(r|s)(a|e)(mos|n|s)?	hicieremos	hiciéremos	0	0	0	0	0	0	3	14	32
Word-medial semivowel /j/ starting a diphthong	i	Hicie(r|s)(a|e)(mos|n|s)?	hicieremos	hiciéremos	0	0	0	0	0	0	3	14	32
Word-initial vowel /i/	i	Hicie(r|s)(a|e)(mos|n|s)?	hiciesemos	hiciésemos	0	0	0	0	0	0	2	20	24
Word-medial semivowel /j/ starting a diphthong	i	Hicie(r|s)(a|e)(mos|n|s)?	hiciesemos	hiciésemos	0	0	0	0	0	0	2	20	24
Word-initial vowel /i/	i	Hicie(r|s)(a|e)(mos|n|s)?	hiciese	hicíese	0	0	0	0	0	0	0	0	1
Word-medial semivowel /j/ starting a diphthong	i	Hicie(r|s)(a|e)(mos|n|s)?	hiciese	hicíese	0	0	0	0	0	0	0	0	1
Word-initial vowel /i/	i	Ir	hir	hir	1	15	17	1	10	6	53	24	60
Word-initial vowel /i/	i	Ir(a|e)is	hiras	hiras	0	0	0	0	1	0	4	0	0
Word-initial vowel /i/	i	Hir(io|ieron)	hirie	hirie	0	1	0	0	0	0	0	0	0
Word-medial semivowel /j/ starting a diphthong	i	Hir(io|ieron)	hirie	hirie	0	1	0	0	0	0	0	0	0
Word-initial vowel /i/	i	Hir(io|ieron)	hirien	hirien	0	0	0	0	0	0	0	0	1
Word-medial semivowel /j/ starting a diphthong	i	Hir(io|ieron)	hirien	hirien	0	0	0	0	0	0	0	0	1
Word-initial vowel /i/	i	Hirien(do|te)	hiriendo	hiriendo	0	0	2	0	0	0	28	111	269
Word-medial semivowel /j/ starting a diphthong	i	Hirien(do|te)	hiriendo	hiriendo	0	0	2	0	0	0	28	111	269
Word-initial vowel /i/	i	Hirien(do|te)	hiriente	hiriente	0	0	0	0	0	0	0	1	1
Word-medial semivowel /j/ starting a diphthong	i	Hirien(do|te)	hiriente	hiriente	0	0	0	0	0	0	0	1	1
Word-initial vowel /i/	i	Hir(io|ieron)	hirieo	hirieo	0	0	0	0	0	0	0	0	1
Word-medial semivowel /j/ starting a diphthong	i	Hir(io|ieron)	hirieo	hirieo	0	0	0	0	0	0	0	0	1
Word-initial vowel /i/	i	Hirie(r|s)(a|e)(mos|n|s)?	hiriera	hiriera	0	0	0	0	0	0	6	16	10
Word-medial semivowel /j/ starting a diphthong	i	Hirie(r|s)(a|e)(mos|n|s)?	hiriera	hiriera	0	0	0	0	0	0	6	16	10
Word-initial vowel /i/	i	Hirie(r|s)(a|e)(mos|n|s)?	hirieras	hirieras	0	0	0	0	0	0	0	0	1
Word-medial semivowel /j/ starting a diphthong	i	Hirie(r|s)(a|e)(mos|n|s)?	hirieras	hirieras	0	0	0	0	0	0	0	0	1
Word-initial vowel /i/	i	Hirie(r|s)(a|e)(mos|n|s)?	hiriere	hiriere	0	0	0	0	0	0	1	40	22
Word-medial semivowel /j/ starting a diphthong	i	Hirie(r|s)(a|e)(mos|n|s)?	hiriere	hiriere	0	0	0	0	0	0	1	40	22
Word-initial vowel /i/	i	Hirie(r|s)(a|e)(mos|n|s)?	hirieren	hirieren	0	0	0	0	0	0	0	4	3
Word-medial semivowel /j/ starting a diphthong	i	Hirie(r|s)(a|e)(mos|n|s)?	hirieren	hirieren	0	0	0	0	0	0	0	4	3
Word-initial vowel /i/	i	Hirie(r|s)(a|e)(mos|n|s)?	hirieres	hirieres	0	0	0	0	0	0	0	0	2
Word-medial semivowel /j/ starting a diphthong	i	Hirie(r|s)(a|e)(mos|n|s)?	hirieres	hirieres	0	0	0	0	0	0	0	0	2
Word-initial vowel /i/	i	Hir(io|ieron)	hirieron	hirieron	0	0	1	0	0	0	19	271	216
Word-medial semivowel /j/ starting a diphthong	i	Hir(io|ieron)	hirieron	hirieron	0	0	1	0	0	0	19	271	216
Word-initial vowel /i/	i	Hirie(r|s)(a|e)(mos|n|s)?	hiriese	hiriese	0	0	0	0	0	0	0	12	13
Word-medial semivowel /j/ starting a diphthong	i	Hirie(r|s)(a|e)(mos|n|s)?	hiriese	hiriese	0	0	0	0	0	0	0	12	13
Word-initial vowel /i/	i	Hirie(r|s)(a|e)(mos|n|s)?	hiriesen	hiriesen	0	0	0	0	0	0	1	7	6
Word-medial semivowel /j/ starting a diphthong	i	Hirie(r|s)(a|e)(mos|n|s)?	hiriesen	hiriesen	0	0	0	0	0	0	1	7	6
Word-initial vowel /i/	i	Hirie(r|s)(a|e)(mos|n|s)?	hirieses	hirieses	0	0	0	0	0	0	0	1	0
Word-medial semivowel /j/ starting a diphthong	i	Hirie(r|s)(a|e)(mos|n|s)?	hirieses	hirieses	0	0	0	0	0	0	0	1	0
Word-initial vowel /i/	i	Hirie(r|s)(a|e)(mos|n|s)?	hiriesse	hiriesse	0	0	0	0	0	0	0	22	24
Word-medial semivowel /j/ starting a diphthong	i	Hirie(r|s)(a|e)(mos|n|s)?	hiriesse	hiriesse	0	0	0	0	0	0	0	22	24
Word-initial vowel /i/	i	Hirie(r|s)(a|e)(mos|n|s)?	hiriessemos	hiriessemos	0	0	0	0	0	0	0	0	1
Word-medial semivowel /j/ starting a diphthong	i	Hirie(r|s)(a|e)(mos|n|s)?	hiriessemos	hiriessemos	0	0	0	0	0	0	0	0	1
Word-initial vowel /i/	i	Hirie(r|s)(a|e)(mos|n|s)?	hiriessen	hiriessen	0	0	0	0	0	0	2	10	7
Word-medial semivowel /j/ starting a diphthong	i	Hirie(r|s)(a|e)(mos|n|s)?	hiriessen	hiriessen	0	0	0	0	0	0	2	10	7
Word-initial vowel /i/	i	Hir(io|ieron)	hirio	hirio	0	0	0	0	1	0	44	19	33
Word-medial semivowel /j/ starting a diphthong	i	Hir(io|ieron)	hirio	hirio	0	0	0	0	1	0	44	19	33
Word-initial vowel /i/	i	Hir(io|ieron)	hirien	hirién	0	0	0	0	0	0	0	0	6
Word-medial semivowel /j/ starting a diphthong	i	Hir(io|ieron)	hirien	hirién	0	0	0	0	0	0	0	0	6
Word-initial vowel /i/	i	Hirien(do|te)	hiriendote	hiriéndote	0	0	0	0	0	0	0	1	0
Word-medial semivowel /j/ starting a diphthong	i	Hirien(do|te)	hiriendote	hiriéndote	0	0	0	0	0	0	0	1	0
Word-initial vowel /i/	i	Hir(io|ieron)	hirio	hirió	0	0	1	0	0	0	28	299	359
Word-medial semivowel /j/ starting a diphthong	i	Hir(io|ieron)	hirio	hirió	0	0	1	0	0	0	28	299	359
Word-initial vowel /i/	i	Ir(a|e)is	hiras	hirás	0	0	0	0	0	0	0	0	11
Word-initial vowel /i/	i	Isabel(a)?	hisabel	hisabel	2	0	0	0	0	0	0	0	0
Word-initial vowel /i/	i	Hicie(r|s)(a|e)(mos|n|s)?	hisiera	hisiera	0	0	0	0	0	0	1	0	1
Word-medial semivowel /j/ starting a diphthong	i	Hicie(r|s)(a|e)(mos|n|s)?	hisiera	hisiera	0	0	0	0	0	0	1	0	1
Word-initial vowel /i/	i	Hicie(r|s)(a|e)(mos|n|s)?	hisiere	hisiere	0	0	0	0	0	4	37	0	2
Word-medial semivowel /j/ starting a diphthong	i	Hicie(r|s)(a|e)(mos|n|s)?	hisiere	hisiere	0	0	0	0	0	4	37	0	2
Word-initial vowel /i/	i	Hicie(r|s)(a|e)(mos|n|s)?	hisieren	hisieren	0	0	0	0	0	3	12	0	0
Word-medial semivowel /j/ starting a diphthong	i	Hicie(r|s)(a|e)(mos|n|s)?	hisieren	hisieren	0	0	0	0	0	3	12	0	0
Word-initial vowel /i/	i	Hicie(r|s)(a|e)(mos|n|s)?	hisiese	hisiese	0	0	0	0	0	1	2	6	2
Word-medial semivowel /j/ starting a diphthong	i	Hicie(r|s)(a|e)(mos|n|s)?	hisiese	hisiese	0	0	0	0	0	1	2	6	2
Word-initial vowel /i/	i	Hicie(r|s)(a|e)(mos|n|s)?	hisiesemos	hisiesemos	0	0	0	0	0	0	0	1	0
Word-medial semivowel /j/ starting a diphthong	i	Hicie(r|s)(a|e)(mos|n|s)?	hisiesemos	hisiesemos	0	0	0	0	0	0	0	1	0
Word-initial vowel /i/	i	Hicie(r|s)(a|e)(mos|n|s)?	hisiesen	hisiesen	0	0	0	1	0	0	5	3	0
Word-medial semivowel /j/ starting a diphthong	i	Hicie(r|s)(a|e)(mos|n|s)?	hisiesen	hisiesen	0	0	0	1	0	0	5	3	0
Word-initial vowel /i/	i	Hicie(r|s)(a|e)(mos|n|s)?	hisiezen	hisiezen	0	0	0	0	0	0	0	0	1
Word-medial semivowel /j/ starting a diphthong	i	Hicie(r|s)(a|e)(mos|n|s)?	hisiezen	hisiezen	0	0	0	0	0	0	0	0	1
Word-initial vowel /i/	i	Hicie(r|s)(a|e)(mos|n|s)?	hisyere	hisyere	0	0	0	0	0	0	2	3	0
Word-medial semivowel /j/ starting a diphthong	y	Hicie(r|s)(a|e)(mos|n|s)?	hisyere	hisyere	0	0	0	0	0	0	2	3	0
Word-initial vowel /i/	i	Hicie(r|s)(a|e)(mos|n|s)?	hisyeren	hisyeren	0	0	0	0	0	0	1	1	0
Word-medial semivowel /j/ starting a diphthong	y	Hicie(r|s)(a|e)(mos|n|s)?	hisyeren	hisyeren	0	0	0	0	0	0	1	1	0
Word-initial vowel /i/	i	Hicie(r|s)(a|e)(mos|n|s)?	hisyese	hisyese	0	0	0	0	0	0	0	3	0
Word-medial semivowel /j/ starting a diphthong	y	Hicie(r|s)(a|e)(mos|n|s)?	hisyese	hisyese	0	0	0	0	0	0	0	3	0
Word-initial vowel /i/	i	Hicie(r|s)(a|e)(mos|n|s)?	hisyesen	hisyesen	0	0	0	0	0	0	0	3	0
Word-medial semivowel /j/ starting a diphthong	y	Hicie(r|s)(a|e)(mos|n|s)?	hisyesen	hisyesen	0	0	0	0	0	0	0	3	0
Word-initial vowel /i/	i	Hicie(r|s)(a|e)(mos|n|s)?	hiziece	hiziece	0	0	0	0	0	0	0	0	1
Word-medial semivowel /j/ starting a diphthong	i	Hicie(r|s)(a|e)(mos|n|s)?	hiziece	hiziece	0	0	0	0	0	0	0	0	1
Word-initial vowel /i/	i	Hicie(r|s)(a|e)(mos|n|s)?	hiziera	hiziera	0	0	13	0	0	5	55	300	279
Word-medial semivowel /j/ starting a diphthong	i	Hicie(r|s)(a|e)(mos|n|s)?	hiziera	hiziera	0	0	13	0	0	5	55	300	279
Word-initial vowel /i/	i	Hicie(r|s)(a|e)(mos|n|s)?	hizieramos	hizieramos	0	0	0	0	0	0	1	1	1
Word-medial semivowel /j/ starting a diphthong	i	Hicie(r|s)(a|e)(mos|n|s)?	hizieramos	hizieramos	0	0	0	0	0	0	1	1	1
Word-initial vowel /i/	i	Hicie(r|s)(a|e)(mos|n|s)?	hizieran	hizieran	1	0	1	0	0	1	18	81	75
Word-medial semivowel /j/ starting a diphthong	i	Hicie(r|s)(a|e)(mos|n|s)?	hizieran	hizieran	1	0	1	0	0	1	18	81	75
Word-initial vowel /i/	i	Hicie(r|s)(a|e)(mos|n|s)?	hizieras	hizieras	0	0	1	0	0	1	1	17	9
Word-medial semivowel /j/ starting a diphthong	i	Hicie(r|s)(a|e)(mos|n|s)?	hizieras	hizieras	0	0	1	0	0	1	1	17	9
Word-initial vowel /i/	i	Hicie(r|s)(a|e)(mos|n|s)?	hiziere	hiziere	5	0	21	0	1	4	208	802	566
Word-medial semivowel /j/ starting a diphthong	i	Hicie(r|s)(a|e)(mos|n|s)?	hiziere	hiziere	5	0	21	0	1	4	208	802	566
Word-initial vowel /i/	i	Hicie(r|s)(a|e)(mos|n|s)?	hizieremos	hizieremos	0	0	0	0	0	0	11	1	5
Word-medial semivowel /j/ starting a diphthong	i	Hicie(r|s)(a|e)(mos|n|s)?	hizieremos	hizieremos	0	0	0	0	0	0	11	1	5
Word-initial vowel /i/	i	Hicie(r|s)(a|e)(mos|n|s)?	hizieren	hizieren	0	0	4	0	4	4	147	468	236
Word-medial semivowel /j/ starting a diphthong	i	Hicie(r|s)(a|e)(mos|n|s)?	hizieren	hizieren	0	0	4	0	4	4	147	468	236
Word-initial vowel /i/	i	Hicie(r|s)(a|e)(mos|n|s)?	hizieres	hizieres	0	0	0	0	0	2	8	64	56
Word-medial semivowel /j/ starting a diphthong	i	Hicie(r|s)(a|e)(mos|n|s)?	hizieres	hizieres	0	0	0	0	0	2	8	64	56
Word-initial vowel /i/	i	Hicie(r|s)(a|e)is	hiziereys	hiziereys	0	0	0	0	0	0	0	1	0
Word-medial semivowel /j/ starting a diphthong	i	Hicie(r|s)(a|e)is	hiziereys	hiziereys	0	0	0	0	0	0	0	1	0
Word-medial semivowel /j/ ending a diphthong	y	Hicie(r|s)(a|e)is	hiziereys	hiziereys	0	0	0	0	0	0	0	1	0
Word-initial vowel /i/	i	Hicie(r|s)(a|e)(mos|n|s)?	hiziese	hiziese	20	0	2	0	3	4	205	331	122
Word-medial semivowel /j/ starting a diphthong	i	Hicie(r|s)(a|e)(mos|n|s)?	hiziese	hiziese	20	0	2	0	3	4	205	331	122
Word-initial vowel /i/	i	Hicie(r|s)(a|e)(mos|n|s)?	hiziesemos	hiziesemos	0	0	0	0	0	0	2	1	0
Word-medial semivowel /j/ starting a diphthong	i	Hicie(r|s)(a|e)(mos|n|s)?	hiziesemos	hiziesemos	0	0	0	0	0	0	2	1	0
Word-initial vowel /i/	i	Hicie(r|s)(a|e)(mos|n|s)?	hiziesen	hiziesen	2	0	2	0	1	5	85	108	68
Word-medial semivowel /j/ starting a diphthong	i	Hicie(r|s)(a|e)(mos|n|s)?	hiziesen	hiziesen	2	0	2	0	1	5	85	108	68
Word-initial vowel /i/	i	Hicie(r|s)(a|e)(mos|n|s)?	hizieses	hizieses	0	0	0	0	1	0	0	4	1
Word-medial semivowel /j/ starting a diphthong	i	Hicie(r|s)(a|e)(mos|n|s)?	hizieses	hizieses	0	0	0	0	1	0	0	4	1
Word-initial vowel /i/	i	Hicie(r|s)(a|e)(mos|n|s)?	hiziesse	hiziesse	0	0	8	0	0	0	122	817	845
Word-medial semivowel /j/ starting a diphthong	i	Hicie(r|s)(a|e)(mos|n|s)?	hiziesse	hiziesse	0	0	8	0	0	0	122	817	845
Word-initial vowel /i/	i	Hicie(r|s)(a|e)is	hiziesseis	hiziesseis	0	0	0	0	0	0	0	0	1
Word-medial semivowel /j/ starting a diphthong	i	Hicie(r|s)(a|e)is	hiziesseis	hiziesseis	0	0	0	0	0	0	0	0	1
Word-medial semivowel /j/ ending a diphthong	i	Hicie(r|s)(a|e)is	hiziesseis	hiziesseis	0	0	0	0	0	0	0	0	1
Word-initial vowel /i/	i	Hicie(r|s)(a|e)(mos|n|s)?	hiziessemos	hiziessemos	0	0	0	0	0	0	0	0	2
Word-medial semivowel /j/ starting a diphthong	i	Hicie(r|s)(a|e)(mos|n|s)?	hiziessemos	hiziessemos	0	0	0	0	0	0	0	0	2
Word-initial vowel /i/	i	Hicie(r|s)(a|e)(mos|n|s)?	hiziessen	hiziessen	0	0	6	0	0	1	49	309	374
Word-medial semivowel /j/ starting a diphthong	i	Hicie(r|s)(a|e)(mos|n|s)?	hiziessen	hiziessen	0	0	6	0	0	1	49	309	374
Word-initial vowel /i/	i	Hicie(r|s)(a|e)(mos|n|s)?	hiziesses	hiziesses	0	0	0	0	0	1	2	17	17
Word-medial semivowel /j/ starting a diphthong	i	Hicie(r|s)(a|e)(mos|n|s)?	hiziesses	hiziesses	0	0	0	0	0	1	2	17	17
Word-initial vowel /i/	i	Hicie(r|s)(a|e)(mos|n|s)?	hizieramos	hiziéramos	0	0	0	0	0	0	0	3	7
Word-medial semivowel /j/ starting a diphthong	i	Hicie(r|s)(a|e)(mos|n|s)?	hizieramos	hiziéramos	0	0	0	0	0	0	0	3	7
Word-initial vowel /i/	i	Hicie(r|s)(a|e)(mos|n|s)?	hizieremos	hiziéremos	0	0	1	0	0	0	0	5	12
Word-medial semivowel /j/ starting a diphthong	i	Hicie(r|s)(a|e)(mos|n|s)?	hizieremos	hiziéremos	0	0	1	0	0	0	0	5	12
Word-initial vowel /i/	i	Hicie(r|s)(a|e)(mos|n|s)?	hiziesemos	hiziésemos	0	0	0	0	0	0	0	6	5
Word-medial semivowel /j/ starting a diphthong	i	Hicie(r|s)(a|e)(mos|n|s)?	hiziesemos	hiziésemos	0	0	0	0	0	0	0	6	5
Word-initial vowel /i/	i	Hicie(r|s)(a|e)(mos|n|s)?	hiziessemos	hiziéssemos	0	0	1	0	0	0	0	19	10
Word-medial semivowel /j/ starting a diphthong	i	Hicie(r|s)(a|e)(mos|n|s)?	hiziessemos	hiziéssemos	0	0	1	0	0	0	0	19	10
Word-initial vowel /i/	i	Hicie(r|s)(a|e)(mos|n|s)?	hizjera	hizjera	0	0	0	0	0	3	0	0	0
Word-medial semivowel /j/ starting a diphthong	j	Hicie(r|s)(a|e)(mos|n|s)?	hizjera	hizjera	0	0	0	0	0	3	0	0	0
Word-initial vowel /i/	i	Hicie(r|s)(a|e)(mos|n|s)?	hizjese	hizjese	0	0	0	0	0	2	0	0	0
Word-medial semivowel /j/ starting a diphthong	j	Hicie(r|s)(a|e)(mos|n|s)?	hizjese	hizjese	0	0	0	0	0	2	0	0	0
Word-initial vowel /i/	i	Hicie(r|s)(a|e)(mos|n|s)?	hizjesen	hizjesen	0	0	0	0	0	1	0	0	0
Word-medial semivowel /j/ starting a diphthong	j	Hicie(r|s)(a|e)(mos|n|s)?	hizjesen	hizjesen	0	0	0	0	0	1	0	0	0
Word-initial vowel /i/	i	Hicie(r|s)(a|e)(mos|n|s)?	hizyera	hizyera	0	0	0	0	0	0	0	1	0
Word-medial semivowel /j/ starting a diphthong	y	Hicie(r|s)(a|e)(mos|n|s)?	hizyera	hizyera	0	0	0	0	0	0	0	1	0
Word-initial vowel /i/	i	Hicie(r|s)(a|e)(mos|n|s)?	hizyere	hizyere	0	0	0	0	0	0	0	2	0
Word-medial semivowel /j/ starting a diphthong	y	Hicie(r|s)(a|e)(mos|n|s)?	hizyere	hizyere	0	0	0	0	0	0	0	2	0
Word-initial vowel /i/	i	Hicie(r|s)(a|e)(mos|n|s)?	hizyeremos	hizyeremos	0	0	0	0	0	0	0	1	0
Word-medial semivowel /j/ starting a diphthong	y	Hicie(r|s)(a|e)(mos|n|s)?	hizyeremos	hizyeremos	0	0	0	0	0	0	0	1	0
Word-initial vowel /i/	i	Hicie(r|s)(a|e)(mos|n|s)?	hizyese	hizyese	0	0	0	0	0	0	1	0	0
Word-medial semivowel /j/ starting a diphthong	y	Hicie(r|s)(a|e)(mos|n|s)?	hizyese	hizyese	0	0	0	0	0	0	1	0	0
Word-initial vowel /i/	i	Hicie(r|s)(a|e)(mos|n|s)?	hizziere	hizziere	0	0	0	0	0	0	0	1	0
Word-medial semivowel /j/ starting a diphthong	i	Hicie(r|s)(a|e)(mos|n|s)?	hizziere	hizziere	0	0	0	0	0	0	0	1	0
Word-initial vowel /i/	i	Hicie(r|s)(a|e)(mos|n|s)?	hizieran	hizíeran	0	0	0	0	0	0	0	1	0
Word-medial semivowel /j/ starting a diphthong	i	Hicie(r|s)(a|e)(mos|n|s)?	hizieran	hizíeran	0	0	0	0	0	0	0	1	0
Word-initial vowel /i/	i	Hicie(r|s)(a|e)(mos|n|s)?	hiciera	hiçiera	0	0	1	0	0	0	0	1	3
Word-medial semivowel /j/ starting a diphthong	i	Hicie(r|s)(a|e)(mos|n|s)?	hiciera	hiçiera	0	0	1	0	0	0	0	1	3
Word-initial vowel /i/	i	Hicie(r|s)(a|e)(mos|n|s)?	hicieramos	hiçieramos	0	0	0	0	0	0	0	0	1
Word-medial semivowel /j/ starting a diphthong	i	Hicie(r|s)(a|e)(mos|n|s)?	hicieramos	hiçieramos	0	0	0	0	0	0	0	0	1
Word-initial vowel /i/	i	Hicie(r|s)(a|e)(mos|n|s)?	hicieran	hiçieran	0	0	0	0	0	0	0	0	2
Word-medial semivowel /j/ starting a diphthong	i	Hicie(r|s)(a|e)(mos|n|s)?	hicieran	hiçieran	0	0	0	0	0	0	0	0	2
Word-initial vowel /i/	i	Hicie(r|s)(a|e)(mos|n|s)?	hiciere	hiçiere	0	0	0	0	0	0	14	21	8
Word-medial semivowel /j/ starting a diphthong	i	Hicie(r|s)(a|e)(mos|n|s)?	hiciere	hiçiere	0	0	0	0	0	0	14	21	8
Word-initial vowel /i/	i	Hicie(r|s)(a|e)(mos|n|s)?	hicieremos	hiçieremos	0	0	0	0	0	0	2	1	0
Word-medial semivowel /j/ starting a diphthong	i	Hicie(r|s)(a|e)(mos|n|s)?	hicieremos	hiçieremos	0	0	0	0	0	0	2	1	0
Word-initial vowel /i/	i	Hicie(r|s)(a|e)(mos|n|s)?	hicieren	hiçieren	0	0	1	0	0	0	5	6	4
Word-medial semivowel /j/ starting a diphthong	i	Hicie(r|s)(a|e)(mos|n|s)?	hicieren	hiçieren	0	0	1	0	0	0	5	6	4
Word-initial vowel /i/	i	Hicie(r|s)(a|e)(mos|n|s)?	hiciese	hiçiese	0	0	2	0	0	0	21	8	14
Word-medial semivowel /j/ starting a diphthong	i	Hicie(r|s)(a|e)(mos|n|s)?	hiciese	hiçiese	0	0	2	0	0	0	21	8	14
Word-initial vowel /i/	i	Hicie(r|s)(a|e)(mos|n|s)?	hiciesemos	hiçiesemos	0	0	0	0	0	0	0	1	0
Word-medial semivowel /j/ starting a diphthong	i	Hicie(r|s)(a|e)(mos|n|s)?	hiciesemos	hiçiesemos	0	0	0	0	0	0	0	1	0
Word-initial vowel /i/	i	Hicie(r|s)(a|e)(mos|n|s)?	hiciesen	hiçiesen	0	0	0	0	0	0	5	7	4
Word-medial semivowel /j/ starting a diphthong	i	Hicie(r|s)(a|e)(mos|n|s)?	hiciesen	hiçiesen	0	0	0	0	0	0	5	7	4
Word-initial vowel /i/	i	Hicie(r|s)(a|e)(mos|n|s)?	hiciesse	hiçiesse	0	0	0	0	0	0	0	0	2
Word-medial semivowel /j/ starting a diphthong	i	Hicie(r|s)(a|e)(mos|n|s)?	hiciesse	hiçiesse	0	0	0	0	0	0	0	0	2
Word-medial vowel /i/	i	Hubie(r|s)(a|e)(mos|n|s)?	hubiera	hubiera	0	0	0	0	0	0	60	433	1127
Word-medial semivowel /j/ starting a diphthong	i	Hubie(r|s)(a|e)(mos|n|s)?	hubiera	hubiera	0	0	0	0	0	0	60	433	1127
Word-medial semivowel /j/ starting a diphthong	i	Hubie(r|s)(a|e)is	hubierais	hubierais	0	0	0	0	0	0	0	4	1
Word-medial semivowel /j/ ending a diphthong	i	Hubie(r|s)(a|e)is	hubierais	hubierais	0	0	0	0	0	0	0	4	1
Word-medial vowel /i/	i	Hubie(r|s)(a|e)(mos|n|s)?	hubieran	hubieran	0	0	0	0	0	0	5	104	341
Word-medial semivowel /j/ starting a diphthong	i	Hubie(r|s)(a|e)(mos|n|s)?	hubieran	hubieran	0	0	0	0	0	0	5	104	341
Word-medial vowel /i/	i	Hubie(r|s)(a|e)(mos|n|s)?	hubieras	hubieras	0	0	0	0	0	0	3	11	35
Word-medial semivowel /j/ starting a diphthong	i	Hubie(r|s)(a|e)(mos|n|s)?	hubieras	hubieras	0	0	0	0	0	0	3	11	35
Word-medial vowel /i/	i	Hubie(r|s)(a|e)(mos|n|s)?	hubiere	hubiere	0	2	1	2	0	0	73	398	1538
Word-medial semivowel /j/ starting a diphthong	i	Hubie(r|s)(a|e)(mos|n|s)?	hubiere	hubiere	0	2	1	2	0	0	73	398	1538
Word-medial semivowel /j/ starting a diphthong	i	Hubie(r|s)(a|e)is	hubiereis	hubiereis	0	0	0	0	0	0	0	3	0
Word-medial semivowel /j/ ending a diphthong	i	Hubie(r|s)(a|e)is	hubiereis	hubiereis	0	0	0	0	0	0	0	3	0
Word-medial vowel /i/	i	Hubie(r|s)(a|e)(mos|n|s)?	hubieremos	hubieremos	0	0	0	0	0	0	1	4	0
Word-medial semivowel /j/ starting a diphthong	i	Hubie(r|s)(a|e)(mos|n|s)?	hubieremos	hubieremos	0	0	0	0	0	0	1	4	0
Word-medial vowel /i/	i	Hubie(r|s)(a|e)(mos|n|s)?	hubieren	hubieren	0	0	1	1	0	0	51	73	524
Word-medial semivowel /j/ starting a diphthong	i	Hubie(r|s)(a|e)(mos|n|s)?	hubieren	hubieren	0	0	1	1	0	0	51	73	524
Word-medial vowel /i/	i	Hubie(r|s)(a|e)(mos|n|s)?	hubieres	hubieres	0	0	0	0	0	0	2	12	17
Word-medial semivowel /j/ starting a diphthong	i	Hubie(r|s)(a|e)(mos|n|s)?	hubieres	hubieres	0	0	0	0	0	0	2	12	17
Word-medial vowel /i/	i	Hubie(r|s)(a|e)(mos|n|s)?	hubiese	hubiese	0	1	1	1	0	2	97	552	1908
Word-medial semivowel /j/ starting a diphthong	i	Hubie(r|s)(a|e)(mos|n|s)?	hubiese	hubiese	0	1	1	1	0	2	97	552	1908
Word-medial semivowel /j/ starting a diphthong	i	Hubie(r|s)(a|e)is	hubieseis	hubieseis	0	0	0	0	0	0	0	1	2
Word-medial semivowel /j/ ending a diphthong	i	Hubie(r|s)(a|e)is	hubieseis	hubieseis	0	0	0	0	0	0	0	1	2
Word-medial vowel /i/	i	Hubie(r|s)(a|e)(mos|n|s)?	hubiesen	hubiesen	0	0	1	0	0	0	30	131	480
Word-medial semivowel /j/ starting a diphthong	i	Hubie(r|s)(a|e)(mos|n|s)?	hubiesen	hubiesen	0	0	1	0	0	0	30	131	480
Word-medial vowel /i/	i	Hubie(r|s)(a|e)(mos|n|s)?	hubieses	hubieses	0	0	0	0	0	0	2	8	21
Word-medial semivowel /j/ starting a diphthong	i	Hubie(r|s)(a|e)(mos|n|s)?	hubieses	hubieses	0	0	0	0	0	0	2	8	21
Word-medial vowel /i/	i	Hubie(r|s)(a|e)(mos|n|s)?	hubiesse	hubiesse	0	0	1	0	0	0	1	9	12
Word-medial semivowel /j/ starting a diphthong	i	Hubie(r|s)(a|e)(mos|n|s)?	hubiesse	hubiesse	0	0	1	0	0	0	1	9	12
Word-medial vowel /i/	i	Hubie(r|s)(a|e)(mos|n|s)?	hubiessen	hubiessen	0	0	0	0	0	0	1	3	4
Word-medial semivowel /j/ starting a diphthong	i	Hubie(r|s)(a|e)(mos|n|s)?	hubiessen	hubiessen	0	0	0	0	0	0	1	3	4
Word-medial vowel /i/	i	Hubie(r|s)(a|e)(mos|n|s)?	hubiesses	hubiesses	0	0	0	0	0	0	0	1	0
Word-medial semivowel /j/ starting a diphthong	i	Hubie(r|s)(a|e)(mos|n|s)?	hubiesses	hubiesses	0	0	0	0	0	0	0	1	0
Word-medial semivowel /j/ starting a diphthong	i	Hubie(r|s)(a|e)is	hubierais	hubiérais	0	0	0	0	0	0	0	0	1
Word-medial semivowel /j/ ending a diphthong	i	Hubie(r|s)(a|e)is	hubierais	hubiérais	0	0	0	0	0	0	0	0	1
Word-medial vowel /i/	i	Hubie(r|s)(a|e)(mos|n|s)?	hubieramonos	hubiéramonos	0	0	0	0	0	0	0	1	0
Word-medial semivowel /j/ starting a diphthong	i	Hubie(r|s)(a|e)(mos|n|s)?	hubieramonos	hubiéramonos	0	0	0	0	0	0	0	1	0
Word-medial vowel /i/	i	Hubie(r|s)(a|e)(mos|n|s)?	hubieramos	hubiéramos	0	0	0	0	0	0	1	15	48
Word-medial semivowel /j/ starting a diphthong	i	Hubie(r|s)(a|e)(mos|n|s)?	hubieramos	hubiéramos	0	0	0	0	0	0	1	15	48
Word-medial vowel /i/	i	Hubie(r|s)(a|e)(mos|n|s)?	hubieremos	hubiéremos	0	0	0	0	0	0	0	5	7
Word-medial semivowel /j/ starting a diphthong	i	Hubie(r|s)(a|e)(mos|n|s)?	hubieremos	hubiéremos	0	0	0	0	0	0	0	5	7
Word-medial semivowel /j/ starting a diphthong	i	Hubie(r|s)(a|e)is	hubieseis	hubiéseis	0	0	0	0	0	0	0	0	1
Word-medial semivowel /j/ ending a diphthong	i	Hubie(r|s)(a|e)is	hubieseis	hubiéseis	0	0	0	0	0	0	0	0	1
Word-medial vowel /i/	i	Hubie(r|s)(a|e)(mos|n|s)?	hubiesemos	hubiésemos	0	0	0	0	0	0	1	11	23
Word-medial semivowel /j/ starting a diphthong	i	Hubie(r|s)(a|e)(mos|n|s)?	hubiesemos	hubiésemos	0	0	0	0	0	0	1	11	23
Word-medial vowel /i/	i	Hubie(r|s)(a|e)(mos|n|s)?	hubiessemos	hubiéssemos	0	0	0	0	0	0	0	1	0
Word-medial semivowel /j/ starting a diphthong	i	Hubie(r|s)(a|e)(mos|n|s)?	hubiessemos	hubiéssemos	0	0	0	0	0	0	0	1	0
Word-medial vowel /i/	y	Hubie(r|s)(a|e)(mos|n|s)?	hubyera	hubyera	0	0	0	0	0	0	0	0	1
Word-medial semivowel /j/ starting a diphthong	y	Hubie(r|s)(a|e)(mos|n|s)?	hubyera	hubyera	0	0	0	0	0	0	0	0	1
Word-medial vowel /i/	y	Hubie(r|s)(a|e)(mos|n|s)?	hubyere	hubyere	0	0	0	0	0	0	1	0	0
Word-medial semivowel /j/ starting a diphthong	y	Hubie(r|s)(a|e)(mos|n|s)?	hubyere	hubyere	0	0	0	0	0	0	1	0	0
Word-medial vowel /i/	i	Hubie(r|s)(a|e)(mos|n|s)?	huuiera	huuiera	0	0	0	0	10	0	11	41	144
Word-medial semivowel /j/ starting a diphthong	i	Hubie(r|s)(a|e)(mos|n|s)?	huuiera	huuiera	0	0	0	0	10	0	11	41	144
Word-medial vowel /i/	i	Hubie(r|s)(a|e)(mos|n|s)?	huuieramos	huuieramos	0	0	1	0	0	0	1	1	1
Word-medial semivowel /j/ starting a diphthong	i	Hubie(r|s)(a|e)(mos|n|s)?	huuieramos	huuieramos	0	0	1	0	0	0	1	1	1
Word-medial vowel /i/	i	Hubie(r|s)(a|e)(mos|n|s)?	huuieran	huuieran	0	0	0	0	4	0	4	11	16
Word-medial semivowel /j/ starting a diphthong	i	Hubie(r|s)(a|e)(mos|n|s)?	huuieran	huuieran	0	0	0	0	4	0	4	11	16
Word-medial vowel /i/	i	Hubie(r|s)(a|e)(mos|n|s)?	huuieras	huuieras	0	0	0	0	0	0	2	0	2
Word-medial semivowel /j/ starting a diphthong	i	Hubie(r|s)(a|e)(mos|n|s)?	huuieras	huuieras	0	0	0	0	0	0	2	0	2
Word-medial vowel /i/	i	Hubie(r|s)(a|e)(mos|n|s)?	huuiere	huuiere	0	0	0	0	0	0	10	22	135
Word-medial semivowel /j/ starting a diphthong	i	Hubie(r|s)(a|e)(mos|n|s)?	huuiere	huuiere	0	0	0	0	0	0	10	22	135
Word-medial vowel /i/	i	Hubie(r|s)(a|e)(mos|n|s)?	huuieremos	huuieremos	0	0	0	0	0	0	0	0	1
Word-medial semivowel /j/ starting a diphthong	i	Hubie(r|s)(a|e)(mos|n|s)?	huuieremos	huuieremos	0	0	0	0	0	0	0	0	1
Word-medial vowel /i/	i	Hubie(r|s)(a|e)(mos|n|s)?	huuieren	huuieren	0	0	0	0	0	0	2	8	26
Word-medial semivowel /j/ starting a diphthong	i	Hubie(r|s)(a|e)(mos|n|s)?	huuieren	huuieren	0	0	0	0	0	0	2	8	26
Word-medial vowel /i/	i	Hubie(r|s)(a|e)(mos|n|s)?	huuiese	huuiese	0	0	0	0	74	0	0	5	5
Word-medial semivowel /j/ starting a diphthong	i	Hubie(r|s)(a|e)(mos|n|s)?	huuiese	huuiese	0	0	0	0	74	0	0	5	5
Word-medial vowel /i/	i	Hubie(r|s)(a|e)(mos|n|s)?	huuiesemos	huuiesemos	0	0	1	0	1	0	0	0	0
Word-medial semivowel /j/ starting a diphthong	i	Hubie(r|s)(a|e)(mos|n|s)?	huuiesemos	huuiesemos	0	0	1	0	1	0	0	0	0
Word-medial vowel /i/	i	Hubie(r|s)(a|e)(mos|n|s)?	huuiesen	huuiesen	0	0	0	0	81	0	1	4	0
Word-medial semivowel /j/ starting a diphthong	i	Hubie(r|s)(a|e)(mos|n|s)?	huuiesen	huuiesen	0	0	0	0	81	0	1	4	0
Word-medial vowel /i/	i	Hubie(r|s)(a|e)(mos|n|s)?	huuieses	huuieses	0	0	0	0	2	0	0	0	0
Word-medial semivowel /j/ starting a diphthong	i	Hubie(r|s)(a|e)(mos|n|s)?	huuieses	huuieses	0	0	0	0	2	0	0	0	0
Word-medial vowel /i/	i	Hubie(r|s)(a|e)(mos|n|s)?	huuiesse	huuiesse	0	0	0	0	448	1	42	24	138
Word-medial semivowel /j/ starting a diphthong	i	Hubie(r|s)(a|e)(mos|n|s)?	huuiesse	huuiesse	0	0	0	0	448	1	42	24	138
Word-medial vowel /i/	i	Hubie(r|s)(a|e)(mos|n|s)?	huuiessemos	huuiessemos	0	0	0	0	3	0	0	0	2
Word-medial semivowel /j/ starting a diphthong	i	Hubie(r|s)(a|e)(mos|n|s)?	huuiessemos	huuiessemos	0	0	0	0	3	0	0	0	2
Word-medial vowel /i/	i	Hubie(r|s)(a|e)(mos|n|s)?	huuiessen	huuiessen	0	0	0	0	352	1	12	6	30
Word-medial semivowel /j/ starting a diphthong	i	Hubie(r|s)(a|e)(mos|n|s)?	huuiessen	huuiessen	0	0	0	0	352	1	12	6	30
Word-medial vowel /i/	i	Hubie(r|s)(a|e)(mos|n|s)?	huuiesses	huuiesses	0	0	0	0	4	0	1	1	1
Word-medial semivowel /j/ starting a diphthong	i	Hubie(r|s)(a|e)(mos|n|s)?	huuiesses	huuiesses	0	0	0	0	4	0	1	1	1
Word-medial vowel /i/	i	Hubie(r|s)(a|e)(mos|n|s)?	huuieramos	huuiéramos	0	0	0	0	0	0	0	0	2
Word-medial semivowel /j/ starting a diphthong	i	Hubie(r|s)(a|e)(mos|n|s)?	huuieramos	huuiéramos	0	0	0	0	0	0	0	0	2
Word-medial vowel /i/	i	Hubie(r|s)(a|e)(mos|n|s)?	huuieremos	huuiéremos	0	0	0	0	0	0	0	0	1
Word-medial semivowel /j/ starting a diphthong	i	Hubie(r|s)(a|e)(mos|n|s)?	huuieremos	huuiéremos	0	0	0	0	0	0	0	0	1
Word-medial vowel /i/	j	Hubie(r|s)(a|e)(mos|n|s)?	huujese	huujese	0	0	0	0	1	0	0	0	0
Word-medial semivowel /j/ starting a diphthong	j	Hubie(r|s)(a|e)(mos|n|s)?	huujese	huujese	0	0	0	0	1	0	0	0	0
Word-medial vowel /i/	j	Hubie(r|s)(a|e)(mos|n|s)?	huujesse	huujesse	0	0	0	0	21	0	0	0	0
Word-medial semivowel /j/ starting a diphthong	j	Hubie(r|s)(a|e)(mos|n|s)?	huujesse	huujesse	0	0	0	0	21	0	0	0	0
Word-medial vowel /i/	j	Hubie(r|s)(a|e)(mos|n|s)?	huujessen	huujessen	0	0	0	0	41	0	0	0	0
Word-medial semivowel /j/ starting a diphthong	j	Hubie(r|s)(a|e)(mos|n|s)?	huujessen	huujessen	0	0	0	0	41	0	0	0	0
Word-medial vowel /i/	y	Hubie(r|s)(a|e)(mos|n|s)?	huuyere	huuyere	0	0	0	0	0	0	0	1	0
Word-medial semivowel /j/ starting a diphthong	y	Hubie(r|s)(a|e)(mos|n|s)?	huuyere	huuyere	0	0	0	0	0	0	0	1	0
Word-medial vowel /i/	i	Hubie(r|s)(a|e)(mos|n|s)?	huuiere	huuíere	0	0	0	0	0	0	1	0	0
Word-medial semivowel /j/ starting a diphthong	i	Hubie(r|s)(a|e)(mos|n|s)?	huuiere	huuíere	0	0	0	0	0	0	1	0	0
Word-medial vowel /i/	i	Hubie(r|s)(a|e)(mos|n|s)?	huviera	huviera	0	0	0	0	0	0	6	55	260
Word-medial semivowel /j/ starting a diphthong	i	Hubie(r|s)(a|e)(mos|n|s)?	huviera	huviera	0	0	0	0	0	0	6	55	260
Word-medial vowel /i/	i	Hubie(r|s)(a|e)(mos|n|s)?	huvieran	huvieran	0	0	0	0	0	0	0	8	47
Word-medial semivowel /j/ starting a diphthong	i	Hubie(r|s)(a|e)(mos|n|s)?	huvieran	huvieran	0	0	0	0	0	0	0	8	47
Word-medial vowel /i/	i	Hubie(r|s)(a|e)(mos|n|s)?	huvieras	huvieras	0	0	0	0	0	0	0	6	4
Word-medial semivowel /j/ starting a diphthong	i	Hubie(r|s)(a|e)(mos|n|s)?	huvieras	huvieras	0	0	0	0	0	0	0	6	4
Word-medial vowel /i/	i	Hubie(r|s)(a|e)(mos|n|s)?	huviere	huviere	0	0	0	1	0	1	4	86	404
Word-medial semivowel /j/ starting a diphthong	i	Hubie(r|s)(a|e)(mos|n|s)?	huviere	huviere	0	0	0	1	0	1	4	86	404
Word-medial vowel /i/	i	Hubie(r|s)(a|e)(mos|n|s)?	huvieren	huvieren	0	0	0	0	1	3	1	10	71
Word-medial semivowel /j/ starting a diphthong	i	Hubie(r|s)(a|e)(mos|n|s)?	huvieren	huvieren	0	0	0	0	1	3	1	10	71
Word-medial vowel /i/	i	Hubie(r|s)(a|e)(mos|n|s)?	huvieres	huvieres	0	0	0	0	0	0	0	6	11
Word-medial semivowel /j/ starting a diphthong	i	Hubie(r|s)(a|e)(mos|n|s)?	huvieres	huvieres	0	0	0	0	0	0	0	6	11
Word-medial vowel /i/	i	Hubie(r|s)(a|e)(mos|n|s)?	huviersse	huviersse	0	0	0	0	0	0	0	0	1
Word-medial semivowel /j/ starting a diphthong	i	Hubie(r|s)(a|e)(mos|n|s)?	huviersse	huviersse	0	0	0	0	0	0	0	0	1
Word-medial vowel /i/	i	Hubie(r|s)(a|e)(mos|n|s)?	huviese	huviese	1	0	1	0	0	0	6	35	27
Word-medial semivowel /j/ starting a diphthong	i	Hubie(r|s)(a|e)(mos|n|s)?	huviese	huviese	1	0	1	0	0	0	6	35	27
Word-medial vowel /i/	i	Hubie(r|s)(a|e)(mos|n|s)?	huviesen	huviesen	0	0	0	0	0	2	3	5	4
Word-medial semivowel /j/ starting a diphthong	i	Hubie(r|s)(a|e)(mos|n|s)?	huviesen	huviesen	0	0	0	0	0	2	3	5	4
Word-medial vowel /i/	i	Hubie(r|s)(a|e)(mos|n|s)?	huvieses	huvieses	0	0	0	0	0	0	0	2	2
Word-medial semivowel /j/ starting a diphthong	i	Hubie(r|s)(a|e)(mos|n|s)?	huvieses	huvieses	0	0	0	0	0	0	0	2	2
Word-medial vowel /i/	i	Hubie(r|s)(a|e)(mos|n|s)?	huviesse	huviesse	0	0	1	0	0	1	7	108	437
Word-medial semivowel /j/ starting a diphthong	i	Hubie(r|s)(a|e)(mos|n|s)?	huviesse	huviesse	0	0	1	0	0	1	7	108	437
Word-medial vowel /i/	i	Hubie(r|s)(a|e)(mos|n|s)?	huviessem	huviessem	0	0	0	0	0	0	0	0	1
Word-medial semivowel /j/ starting a diphthong	i	Hubie(r|s)(a|e)(mos|n|s)?	huviessem	huviessem	0	0	0	0	0	0	0	0	1
Word-medial vowel /i/	i	Hubie(r|s)(a|e)(mos|n|s)?	huviessen	huviessen	0	0	0	0	0	0	0	20	109
Word-medial semivowel /j/ starting a diphthong	i	Hubie(r|s)(a|e)(mos|n|s)?	huviessen	huviessen	0	0	0	0	0	0	0	20	109
Word-medial vowel /i/	i	Hubie(r|s)(a|e)(mos|n|s)?	huviesses	huviesses	0	0	0	0	0	0	0	5	2
Word-medial semivowel /j/ starting a diphthong	i	Hubie(r|s)(a|e)(mos|n|s)?	huviesses	huviesses	0	0	0	0	0	0	0	5	2
Word-medial vowel /i/	i	Hubie(r|s)(a|e)(mos|n|s)?	huvieramos	huviéramos	0	0	0	0	0	0	0	3	4
Word-medial semivowel /j/ starting a diphthong	i	Hubie(r|s)(a|e)(mos|n|s)?	huvieramos	huviéramos	0	0	0	0	0	0	0	3	4
Word-medial vowel /i/	i	Hubie(r|s)(a|e)(mos|n|s)?	huvieremos	huviéremos	0	0	0	0	0	0	0	1	3
Word-medial semivowel /j/ starting a diphthong	i	Hubie(r|s)(a|e)(mos|n|s)?	huvieremos	huviéremos	0	0	0	0	0	0	0	1	3
Word-medial vowel /i/	i	Hubie(r|s)(a|e)(mos|n|s)?	huviesemos	huviésemos	0	0	0	0	0	0	0	1	0
Word-medial semivowel /j/ starting a diphthong	i	Hubie(r|s)(a|e)(mos|n|s)?	huviesemos	huviésemos	0	0	0	0	0	0	0	1	0
Word-medial vowel /i/	i	Hubie(r|s)(a|e)(mos|n|s)?	huviessemos	huviéssemos	0	0	0	0	0	0	0	0	3
Word-medial semivowel /j/ starting a diphthong	i	Hubie(r|s)(a|e)(mos|n|s)?	huviessemos	huviéssemos	0	0	0	0	0	0	0	0	3
Word-medial vowel /i/	y	Hubie(r|s)(a|e)(mos|n|s)?	huvyere	huvyere	0	0	0	0	0	0	0	1	0
Word-medial semivowel /j/ starting a diphthong	y	Hubie(r|s)(a|e)(mos|n|s)?	huvyere	huvyere	0	0	0	0	0	0	0	1	0
Word-initial vowel /i/	y	Hicie(r|s)(a|e)(mos|n|s)?	hyciere	hyciere	0	0	0	0	0	0	1	0	0
Word-medial semivowel /j/ starting a diphthong	i	Hicie(r|s)(a|e)(mos|n|s)?	hyciere	hyciere	0	0	0	0	0	0	1	0	0
Word-initial vowel /i/	y	Ir	hyr	hyr	1	8	9	1	0	0	0	4	2
Word-initial vowel /i/	y	Ir(a|e)is	hyrac	hyrac	0	0	0	0	0	0	0	0	1
Word-initial vowel /i/	y	Ir(a|e)is	hyras	hyras	0	0	0	0	0	0	0	1	1
Word-initial vowel /i/	y	Hir(io|ieron)	hyrieron	hyrieron	0	0	0	0	0	0	0	0	1
Word-medial semivowel /j/ starting a diphthong	i	Hir(io|ieron)	hyrieron	hyrieron	0	0	0	0	0	0	0	0	1
Word-initial vowel /i/	y	Hir(io|ieron)	hyrio	hyrió	0	0	0	0	0	0	0	1	0
Word-medial semivowel /j/ starting a diphthong	i	Hir(io|ieron)	hyrio	hyrió	0	0	0	0	0	0	0	1	0
Word-initial vowel /i/	y	Isabel(a)?	hysabel	hysabel	3	0	0	0	0	0	0	0	0
Word-initial vowel /i/	y	Hicie(r|s)(a|e)(mos|n|s)?	hysiere	hysiere	0	0	0	0	0	0	3	0	0
Word-medial semivowel /j/ starting a diphthong	i	Hicie(r|s)(a|e)(mos|n|s)?	hysiere	hysiere	0	0	0	0	0	0	3	0	0
Word-initial vowel /i/	y	Hicie(r|s)(a|e)(mos|n|s)?	hysieren	hysieren	0	0	0	0	0	0	1	0	0
Word-medial semivowel /j/ starting a diphthong	i	Hicie(r|s)(a|e)(mos|n|s)?	hysieren	hysieren	0	0	0	0	0	0	1	0	0
Word-initial vowel /i/	y	Hicie(r|s)(a|e)(mos|n|s)?	hyziere	hyziere	0	0	0	0	0	0	1	0	0
Word-medial semivowel /j/ starting a diphthong	i	Hicie(r|s)(a|e)(mos|n|s)?	hyziere	hyziere	0	0	0	0	0	0	1	0	0
Word-initial vowel /i/	y	Hicie(r|s)(a|e)(mos|n|s)?	hyzieren	hyzieren	0	0	0	0	0	0	2	0	0
Word-medial semivowel /j/ starting a diphthong	i	Hicie(r|s)(a|e)(mos|n|s)?	hyzieren	hyzieren	0	0	0	0	0	0	2	0	0
Word-initial vowel /i/	y	Hicie(r|s)(a|e)(mos|n|s)?	hyziessen	hyziessen	0	0	0	0	0	0	0	1	0
Word-medial semivowel /j/ starting a diphthong	i	Hicie(r|s)(a|e)(mos|n|s)?	hyziessen	hyziessen	0	0	0	0	0	0	0	1	0
Word-initial vowel /i/	y	Hicie(r|s)(a|e)(mos|n|s)?	hyciesemos	hyçiésemos	0	0	1	0	0	0	0	0	0
Word-medial semivowel /j/ starting a diphthong	i	Hicie(r|s)(a|e)(mos|n|s)?	hyciesemos	hyçiésemos	0	0	1	0	0	0	0	0	0
Word-medial semivowel /j/ ending a diphthong	i	Habeis	habeis	hábeis	0	0	0	0	0	0	0	0	1
Word-medial vowel /i/	i	Her(is|iste)	herize	hérize	0	0	0	0	0	0	2	0	0
Word-initial vowel /i/	i	Hicie(r|s)(a|e)(mos|n|s)?	hiciesse	híciesse	0	0	0	0	0	0	0	0	1
Word-medial semivowel /j/ starting a diphthong	i	Hicie(r|s)(a|e)(mos|n|s)?	hiciesse	híciesse	0	0	0	0	0	0	0	0	1
Word-initial vowel /i/	i	Hicie(r|s)(a|e)(mos|n|s)?	hiziere	híziere	0	0	0	0	0	1	0	0	0
Word-medial semivowel /j/ starting a diphthong	i	Hicie(r|s)(a|e)(mos|n|s)?	hiziere	híziere	0	0	0	0	0	1	0	0	0
Word-initial vowel /i/	i	Hicie(r|s)(a|e)(mos|n|s)?	hiziesen	híziesen	0	0	0	0	0	0	0	1	0
Word-medial semivowel /j/ starting a diphthong	i	Hicie(r|s)(a|e)(mos|n|s)?	hiziesen	híziesen	0	0	0	0	0	0	0	1	0
Word-initial vowel /i/	i	Hicie(r|s)(a|e)(mos|n|s)?	hiziessemos	híziéssemos	0	0	0	0	0	0	0	1	0
Word-medial semivowel /j/ starting a diphthong	i	Hicie(r|s)(a|e)(mos|n|s)?	hiziessemos	híziéssemos	0	0	0	0	0	0	0	1	0
Word-initial consonant /d͡ʒ/ or /ʃ/	i	Javier	iabier	iabier	1	0	0	0	0	0	0	0	0
Word-medial semivowel /j/ starting a diphthong	i	Javier	iabier	iabier	1	0	0	0	0	0	0	0	0
Word-initial consonant /d͡ʒ/ or /ʃ/	i	Jaime	iaime	iaime	0	0	1	0	1	0	0	1	1
Word-medial semivowel /j/ ending a diphthong	i	Jaime	iaime	iaime	0	0	1	0	1	0	0	1	1
Word-initial consonant /d͡ʒ/ or /ʃ/	i	Jaime	iayme	iayme	0	0	16	0	17	0	0	16	43
Word-medial semivowel /j/ ending a diphthong	y	Jaime	iayme	iayme	0	0	16	0	17	0	0	16	43
Word-initial vowel /i/	i	Ibais	ibais	ibais	0	0	0	0	0	0	0	1	1
Word-medial semivowel /j/ ending a diphthong	i	Ibais	ibais	ibais	0	0	0	0	0	0	0	1	1
Word-initial vowel /i/	i	Ibarra	ibara	ibara	1	0	0	0	0	0	1	0	0
Word-initial vowel /i/	i	Ibarra	ibarra	ibarra	0	0	0	0	0	0	31	87	20
Word-initial vowel /i/	i	Hicie(r|s)(a|e)(mos|n|s)?	iciere	iciere	0	0	0	0	0	0	3	0	1
Word-medial semivowel /j/ starting a diphthong	i	Hicie(r|s)(a|e)(mos|n|s)?	iciere	iciere	0	0	0	0	0	0	3	0	1
Word-initial vowel /i/	i	Hicie(r|s)(a|e)(mos|n|s)?	icieren	icieren	0	0	0	0	0	0	1	0	0
Word-medial semivowel /j/ starting a diphthong	i	Hicie(r|s)(a|e)(mos|n|s)?	icieren	icieren	0	0	0	0	0	0	1	0	0
Word-initial vowel /i/	i	Iñig(o|a)	inigo	inigo	0	0	19	0	2	6	5	0	0
Word-medial vowel /i/	i	Iñig(o|a)	inigo	inigo	0	0	19	0	2	6	5	0	0
Word-initial vowel /i/	i	Iñig(o|a)	inniga	inniga	1	0	0	0	0	0	0	0	0
Word-medial vowel /i/	i	Iñig(o|a)	inniga	inniga	1	0	0	0	0	0	0	0	0
Word-initial vowel /i/	i	Iñig(o|a)	innigo	innigo	0	0	0	0	0	3	4	1	0
Word-medial vowel /i/	i	Iñig(o|a)	innigo	innigo	0	0	0	0	0	3	4	1	0
Word-initial vowel /i/	i	Iñig(o|a)	innygo	innygo	0	0	0	0	0	0	1	0	0
Word-medial vowel /i/	y	Iñig(o|a)	innygo	innygo	0	0	0	0	0	0	1	0	0
Word-initial vowel /i/	i	Ir	ir	ir	15	351	353	183	56	421	1756	5171	6677
Word-initial vowel /i/	i	Ir(a|e)is	iras	iras	0	1	8	1	0	17	16	22	100
Word-initial vowel /i/	i	Hir(io|ieron)	irie	irie	0	0	0	0	2	0	0	0	0
Word-medial semivowel /j/ starting a diphthong	i	Hir(io|ieron)	irie	irie	0	0	0	0	2	0	0	0	0
Word-initial vowel /i/	i	Hir(io|ieron)	irien	irien	0	0	2	0	0	0	0	3	0
Word-medial semivowel /j/ starting a diphthong	i	Hir(io|ieron)	irien	irien	0	0	2	0	0	0	0	3	0
Word-initial vowel /i/	i	Hir(io|ieron)	irio	irio	0	0	0	0	0	0	7	0	0
Word-medial semivowel /j/ starting a diphthong	i	Hir(io|ieron)	irio	irio	0	0	0	0	0	0	7	0	0
Word-initial vowel /i/	i	Hir(io|ieron)	irion	irion	0	0	0	0	0	0	1	0	0
Word-medial semivowel /j/ starting a diphthong	i	Hir(io|ieron)	irion	irion	0	0	0	0	0	0	1	0	0
Word-initial vowel /i/	i	Hir(io|ieron)	irie	irié	0	6	0	0	0	0	0	0	0
Word-medial semivowel /j/ starting a diphthong	i	Hir(io|ieron)	irie	irié	0	6	0	0	0	0	0	0	0
Word-initial vowel /i/	i	Hir(io|ieron)	irien	irién	0	6	0	0	0	0	0	0	0
Word-medial semivowel /j/ starting a diphthong	i	Hir(io|ieron)	irien	irién	0	6	0	0	0	0	0	0	0
Word-initial vowel /i/	i	Ir(a|e)is	iras	irás	0	2	1	4	0	2	11	51	74
Word-initial vowel /i/	i	Ir(a|e)is	ires	irés	0	0	0	1	0	1	1	9	0
Word-initial vowel /i/	i	Isabel(a)?	isabel	isabel	6	4	5	7	0	7	229	468	875
Word-initial vowel /i/	i	Isabel(a)?	isabela	isabela	0	0	0	0	0	0	23	42	61
Word-initial vowel /i/	i	Isabel(a)?	isabella	isabella	0	0	0	0	0	0	0	2	1
Word-initial vowel /i/	i	Isabel(a)?	isauel	isauel	0	0	0	0	0	0	0	4	19
Word-initial vowel /i/	i	Isabel(a)?	isavel	isavel	0	0	0	0	0	0	4	6	3
Word-initial vowel /i/	i	Hicie(r|s)(a|e)(mos|n|s)?	isiera	isiera	0	0	0	0	0	0	0	1	1
Word-medial semivowel /j/ starting a diphthong	i	Hicie(r|s)(a|e)(mos|n|s)?	isiera	isiera	0	0	0	0	0	0	0	1	1
Word-initial vowel /i/	i	Hicie(r|s)(a|e)(mos|n|s)?	isiere	isiere	1	0	0	0	0	0	0	0	0
Word-medial semivowel /j/ starting a diphthong	i	Hicie(r|s)(a|e)(mos|n|s)?	isiere	isiere	1	0	0	0	0	0	0	0	0
Word-initial vowel /i/	i	Hicie(r|s)(a|e)(mos|n|s)?	isiesse	isiesse	0	0	0	0	0	0	1	0	0
Word-medial semivowel /j/ starting a diphthong	i	Hicie(r|s)(a|e)(mos|n|s)?	isiesse	isiesse	0	0	0	0	0	0	1	0	0
Word-initial vowel /i/	i	Hicie(r|s)(a|e)(mos|n|s)?	isiere	isiére	0	0	0	0	0	0	0	0	1
Word-medial semivowel /j/ starting a diphthong	i	Hicie(r|s)(a|e)(mos|n|s)?	isiere	isiére	0	0	0	0	0	0	0	0	1
Word-initial vowel /i/	i	Isabel(a)?	issabel	issabel	0	0	0	0	0	0	0	6	0
Word-initial vowel /i/	i	Isabel(a)?	issavel	issavel	0	0	0	0	0	0	0	1	0
Word-initial vowel /i/	i	Hicie(r|s)(a|e)(mos|n|s)?	issiere	issiere	0	8	0	0	0	0	0	0	0
Word-medial semivowel /j/ starting a diphthong	i	Hicie(r|s)(a|e)(mos|n|s)?	issiere	issiere	0	8	0	0	0	0	0	0	0
Word-initial vowel /i/	i	Hicie(r|s)(a|e)(mos|n|s)?	issiesse	issiesse	0	3	0	0	0	0	0	0	0
Word-medial semivowel /j/ starting a diphthong	i	Hicie(r|s)(a|e)(mos|n|s)?	issiesse	issiesse	0	3	0	0	0	0	0	0	0
Word-initial consonant /d͡ʒ/ or /ʃ/	i	Juan(a)?	iuan	iuan	196	3	7	86	2	4	98	734	765
Word-initial consonant /d͡ʒ/ or /ʃ/	i	Juan(a)?	iuana	iuana	9	7	0	3	0	0	6	37	21
Word-initial consonant /d͡ʒ/ or /ʃ/	i	Juan(a)?	iuanna	iuanna	1	0	0	0	0	0	0	0	0
Word-initial vowel /i/	i	Ibarra	iuara	iuara	31	0	0	0	0	0	0	1	0
Word-initial vowel /i/	i	Ibarra	iuarra	iuarra	1	2	0	0	0	0	0	0	0
Word-initial consonant /d͡ʒ/ or /ʃ/	i	Juli(o|a)	iulia	iulia	0	0	0	0	19	1	10	4	109
Word-medial semivowel /j/ starting a diphthong	i	Juli(o|a)	iulia	iulia	0	0	0	0	19	1	10	4	109
Word-initial consonant /d͡ʒ/ or /ʃ/	i	Juli(o|a)	iulio	iulio	17	9	4	8	153	0	31	68	52
Word-medial semivowel /j/ starting a diphthong	i	Juli(o|a)	iulio	iulio	17	9	4	8	153	0	31	68	52
Word-initial consonant /d͡ʒ/ or /ʃ/	i	Juli(o|a)	iullio	iullio	5	2	0	4	5	1	0	0	0
Word-medial semivowel /j/ starting a diphthong	i	Juli(o|a)	iullio	iullio	5	2	0	4	5	1	0	0	0
Word-initial consonant /d͡ʒ/ or /ʃ/	i	Juan(a)?	iuuan	iuuan	6	0	0	0	0	0	7	0	0
Word-initial consonant /d͡ʒ/ or /ʃ/	i	Juan(a)?	iuuana	iuuana	0	2	0	0	0	0	0	0	0
Word-initial vowel /i/	i	Ibarra	iuuara	iuuara	3	0	0	0	0	0	0	0	0
Word-initial vowel /i/	i	Ibarra	iuuuara	iuuuara	1	0	0	0	0	0	0	0	0
Word-initial consonant /d͡ʒ/ or /ʃ/	i	Juan(a)?	ivan	ivan	0	56	31	12	1	120	252	627	796
Word-initial consonant /d͡ʒ/ or /ʃ/	i	Juan(a)?	ivana	ivana	0	0	0	0	0	0	0	2	0
Word-initial consonant /d͡ʒ/ or /ʃ/	i	Juli(o|a)	ivlio	ivlio	0	0	0	0	0	0	0	0	2
Word-medial semivowel /j/ starting a diphthong	i	Juli(o|a)	ivlio	ivlio	0	0	0	0	0	0	0	0	2
Word-initial consonant /d͡ʒ/ or /ʃ/	i	Juan(a)?	ivan	iván	0	0	6	2	0	0	0	24	5
Word-initial vowel /i/	i	Hicie(r|s)(a|e)(mos|n|s)?	iziera	iziera	0	0	0	0	0	0	1	1	0
Word-medial semivowel /j/ starting a diphthong	i	Hicie(r|s)(a|e)(mos|n|s)?	iziera	iziera	0	0	0	0	0	0	1	1	0
Word-initial vowel /i/	i	Hicie(r|s)(a|e)(mos|n|s)?	iziere	iziere	0	0	1	0	0	0	0	0	0
Word-medial semivowel /j/ starting a diphthong	i	Hicie(r|s)(a|e)(mos|n|s)?	iziere	iziere	0	0	1	0	0	0	0	0	0
Word-initial vowel /i/	i	Hicie(r|s)(a|e)(mos|n|s)?	iziesse	iziesse	0	1	0	0	0	0	0	1	0
Word-medial semivowel /j/ starting a diphthong	i	Hicie(r|s)(a|e)(mos|n|s)?	iziesse	iziesse	0	1	0	0	0	0	0	1	0
Word-initial vowel /i/	i	Hicie(r|s)(a|e)(mos|n|s)?	iciere	içiere	0	0	0	0	0	0	0	0	1
Word-medial semivowel /j/ starting a diphthong	i	Hicie(r|s)(a|e)(mos|n|s)?	iciere	içiere	0	0	0	0	0	0	0	0	1
Word-initial vowel /i/	i	Hicie(r|s)(a|e)(mos|n|s)?	icieren	içieren	0	0	1	0	0	0	0	0	0
Word-medial semivowel /j/ starting a diphthong	i	Hicie(r|s)(a|e)(mos|n|s)?	icieren	içieren	0	0	1	0	0	0	0	0	0
Word-initial vowel /i/	i	Hicie(r|s)(a|e)(mos|n|s)?	iciesen	içiesen	0	0	0	0	0	0	0	0	2
Word-medial semivowel /j/ starting a diphthong	i	Hicie(r|s)(a|e)(mos|n|s)?	iciesen	içiesen	0	0	0	0	0	0	0	0	2
Word-initial vowel /i/	i	Iñig(o|a)	iniga	iñiga	0	0	0	0	0	0	0	0	1
Word-medial vowel /i/	i	Iñig(o|a)	iniga	iñiga	0	0	0	0	0	0	0	0	1
Word-initial vowel /i/	i	Iñig(o|a)	inigo	iñigo	2	2	6	1	6	33	262	122	298
Word-medial vowel /i/	i	Iñig(o|a)	inigo	iñigo	2	2	6	1	6	33	262	122	298
Word-initial vowel /i/	i	Iñig(o|a)	inigo	iñigó	0	0	0	0	0	0	0	0	1
Word-medial vowel /i/	i	Iñig(o|a)	inigo	iñigó	0	0	0	0	0	0	0	0	1
Word-initial vowel /i/	i	Iñig(o|a)	inigo	iñígo	0	0	0	0	0	0	1	0	0
Word-medial vowel /i/	i	Iñig(o|a)	inigo	iñígo	0	0	0	0	0	0	1	0	0
Word-initial consonant /d͡ʒ/ or /ʃ/	j	Javier	jabier	jabier	1	0	0	0	0	0	0	0	0
Word-medial semivowel /j/ starting a diphthong	i	Javier	jabier	jabier	1	0	0	0	0	0	0	0	0
Word-initial consonant /d͡ʒ/ or /ʃ/	j	Jaime	jaime	jaime	0	0	54	7	4	0	24	144	1292
Word-medial semivowel /j/ ending a diphthong	i	Jaime	jaime	jaime	0	0	54	7	4	0	24	144	1292
Word-initial consonant /d͡ʒ/ or /ʃ/	j	Javier	javier	javier	0	0	0	0	0	0	1	25	23
Word-medial semivowel /j/ starting a diphthong	i	Javier	javier	javier	0	0	0	0	0	0	1	25	23
Word-initial consonant /d͡ʒ/ or /ʃ/	j	Jaime	jayme	jayme	6	11	130	56	101	9	343	118	37
Word-medial semivowel /j/ ending a diphthong	y	Jaime	jayme	jayme	6	11	130	56	101	9	343	118	37
Word-initial consonant /d͡ʒ/ or /ʃ/	j	General	jeneral	jeneral	0	0	0	10	0	0	7	19	65
Word-initial consonant /d͡ʒ/ or /ʃ/	j	Gentil…	jentil	jentil	0	0	0	0	0	1	7	3	9
Word-medial vowel /i/	i	Gentil…	jentil	jentil	0	0	0	0	0	1	7	3	9
Word-initial vowel /i/	j	Ir	jr	jr	0	0	1	0	4	2	2	0	3
Word-initial vowel /i/	j	Ir(a|e)is	jras	jras	0	0	0	0	2	0	1	0	0
Word-initial consonant /d͡ʒ/ or /ʃ/	j	Juan(a)?	juan	juan	1752	121	2610	2478	893	2007	15604	10769	17090
Word-initial consonant /d͡ʒ/ or /ʃ/	j	Juan(a)?	juana	juana	27	3	112	25	0	65	796	452	988
Word-initial consonant /d͡ʒ/ or /ʃ/	j	Juan(a)?	juanna	juanna	0	1	9	0	0	0	0	2	0
Word-initial vowel /i/	j	Ibarra	juara	juara	1	0	0	0	0	1	0	2	1
Word-initial consonant /d͡ʒ/ or /ʃ/	j	Juli(o|a)	julia	julia	0	0	2	1	19	8	26	19	90
Word-medial semivowel /j/ starting a diphthong	i	Juli(o|a)	julia	julia	0	0	2	1	19	8	26	19	90
Word-initial consonant /d͡ʒ/ or /ʃ/	j	Juli(o|a)	julio	julio	58	64	107	439	85	130	748	870	1471
Word-medial semivowel /j/ starting a diphthong	i	Juli(o|a)	julio	julio	58	64	107	439	85	130	748	870	1471
Word-initial consonant /d͡ʒ/ or /ʃ/	j	Juli(o|a)	juljo	juljo	0	0	0	0	8	4	0	0	0
Word-medial semivowel /j/ starting a diphthong	j	Juli(o|a)	juljo	juljo	0	0	0	0	8	4	0	0	0
Word-initial consonant /d͡ʒ/ or /ʃ/	j	Juli(o|a)	jullia	jullia	0	0	2	0	1	0	2	8	0
Word-medial semivowel /j/ starting a diphthong	i	Juli(o|a)	jullia	jullia	0	0	2	0	1	0	2	8	0
Word-initial consonant /d͡ʒ/ or /ʃ/	j	Juli(o|a)	jullio	jullio	64	3	73	129	25	34	440	210	62
Word-medial semivowel /j/ starting a diphthong	i	Juli(o|a)	jullio	jullio	64	3	73	129	25	34	440	210	62
Word-initial consonant /d͡ʒ/ or /ʃ/	j	Juli(o|a)	julljo	julljo	1	0	0	6	2	1	0	0	0
Word-medial semivowel /j/ starting a diphthong	j	Juli(o|a)	julljo	julljo	1	0	0	6	2	1	0	0	0
Word-initial consonant /d͡ʒ/ or /ʃ/	j	Juli(o|a)	jullyo	jullyo	1	0	1	10	1	1	1	13	0
Word-medial semivowel /j/ starting a diphthong	y	Juli(o|a)	jullyo	jullyo	1	0	1	10	1	1	1	13	0
Word-initial consonant /d͡ʒ/ or /ʃ/	j	Juli(o|a)	julyo	julyo	1	0	0	0	0	0	9	2	0
Word-medial semivowel /j/ starting a diphthong	y	Juli(o|a)	julyo	julyo	1	0	0	0	0	0	9	2	0
Word-initial consonant /d͡ʒ/ or /ʃ/	j	Juli(o|a)	julia	julïa	0	0	0	0	0	0	0	0	1
Word-medial semivowel /j/ starting a diphthong	i	Juli(o|a)	julia	julïa	0	0	0	0	0	0	0	0	1
Word-initial consonant /d͡ʒ/ or /ʃ/	j	Juli(o|a)	julya	julýa	0	0	0	0	0	1	0	0	0
Word-medial semivowel /j/ starting a diphthong	y	Juli(o|a)	julya	julýa	0	0	0	0	0	1	0	0	0
Word-initial consonant /d͡ʒ/ or /ʃ/	j	Juan(a)?	juuan	juuan	6	2	0	0	0	0	0	0	0
Word-initial consonant /d͡ʒ/ or /ʃ/	j	Juan(a)?	juuana	juuana	1	3	0	0	0	0	0	0	0
Word-initial consonant /d͡ʒ/ or /ʃ/	j	Juan(a)?	juvan	juván	0	0	0	0	0	0	0	1	0
Word-initial consonant /d͡ʒ/ or /ʃ/	j	Juan(a)?	juan	juán	0	0	1	0	0	1	1	2	3
Word-initial consonant /d͡ʒ/ or /ʃ/	j	Juan(a)?	jvan	jvan	1	0	0	0	0	0	2	0	1
Word-initial consonant /d͡ʒ/ or /ʃ/	j	Juli(o|a)	jvlio	jvlio	1	0	0	17	0	0	0	0	0
Word-medial semivowel /j/ starting a diphthong	i	Juli(o|a)	jvlio	jvlio	1	0	0	17	0	0	0	0	0
Word-initial vowel /i/	j	Iñig(o|a)	jnigo	jñigo	0	0	0	0	0	0	3	0	0
Word-medial vowel /i/	i	Iñig(o|a)	jnigo	jñigo	0	0	0	0	0	0	3	0	0
Word-initial consonant /d͡ʒ/ or /ʃ/	j	Juli(o|a)	julio	júlio	1	0	0	0	0	0	1	0	0
Word-medial semivowel /j/ starting a diphthong	i	Juli(o|a)	julio	júlio	1	0	0	0	0	0	1	0	0
Word-initial consonant /d͡ʒ/ or /ʃ/	j	Juan(a)?	juana	jüana	0	0	0	0	0	0	0	0	1
Word-medial vowel /i/	i	Catalina	katalina	katalina	0	0	1	0	0	0	0	0	0
Word-medial vowel /i/	i	Luis(a)?	lluuis	lluuis	0	0	1	0	0	0	0	0	0
Word-medial vowel /i/	y	Luis(a)?	lluys	lluys	0	0	0	0	0	0	0	1	0
Word-medial vowel /i/	i	Luis(a)?	luis	luis	8	3	10	2	1	50	1186	1374	2729
Word-medial vowel /i/	i	Luis(a)?	luisa	luisa	0	0	0	0	0	0	9	143	106
Word-medial vowel /i/	i	Luis(a)?	luissa	luissa	0	0	0	0	0	0	0	2	18
Word-medial vowel /i/	i	Luis(a)?	luiz	luiz	0	0	0	0	0	0	1	1	5
Word-medial vowel /i/	i	Luis(a)?	luiza	luiza	0	0	0	0	0	0	0	0	2
Word-medial vowel /i/	y	Luis(a)?	luys	luys	31	3	68	42	2	111	654	579	444
Word-medial vowel /i/	y	Luis(a)?	luysa	luysa	0	0	0	0	0	0	0	38	10
Word-medial vowel /i/	y	Luis(a)?	luyssa	luyssa	0	0	0	0	0	0	0	0	2
Word-medial vowel /i/	y	Luis(a)?	luyz	luyz	0	0	1	0	0	0	0	0	0
Word-medial vowel /i/	i	Luis(a)?	luis	luís	0	0	0	0	0	0	2	2	1
Word-medial vowel /i/	i	Luis(a)?	luis	luïs	0	0	0	0	0	0	0	1	0
Word-medial vowel /i/	i	Luis(a)?	luisa	luïsa	0	0	0	0	0	0	0	0	1
Word-medial vowel /i/	y	Luis(a)?	lvys	lvys	0	0	0	0	0	0	0	0	1
Word-medial vowel /i/	i	Luis(a)?	luis	lüis	0	0	0	0	0	0	0	0	59
Word-medial vowel /i/	y	Luis(a)?	luys	lüys	0	0	0	0	0	0	0	6	0
Word-final semivowel /j/ ending a diphthong	j	Muy	mmuj	mmuj	0	0	1	0	0	0	0	0	0
Word-final semivowel /j/ ending a diphthong	i	Muy	mui	mui	3	22	22	5	9	4	102	95	431
Word-final semivowel /j/ ending a diphthong	j	Muy	muj	muj	1	0	160	0	0	0	64	11	0
Word-final semivowel /j/ ending a diphthong	y	Muy	muy	muy	215	533	7629	4154	1570	8825	27992	60184	56624
Word-final semivowel /j/ ending a diphthong	i	Muy	mvi	mvi	0	0	0	0	0	0	0	3	0
Word-final semivowel /j/ ending a diphthong	y	Muy	mvy	mvy	0	0	0	0	1	0	0	0	10
Word-final semivowel /j/ ending a diphthong	y	Muy	muy	müy	0	18	0	0	0	0	0	0	0
Word-final vowel /i/	i	parti	parti	parti	76	15	18	18	13	7	23	17	28
Word-final vowel /i/	j	parti	partj	partj	1	0	0	0	0	0	0	0	0
Word-final vowel /i/	y	parti	party	party	0	0	0	0	0	0	0	1	0
Word-final vowel /i/	i	parti	parti	partí	0	1	5	3	5	14	99	171	96
Word-medial consonant /d͡ʒ/ or /ʃ/	g	Protegi	protegi	protegi	0	0	0	0	0	0	0	1	0
Word-final vowel /i/	i	Protegi	protegi	protegi	0	0	0	0	0	0	0	1	0
Word-medial consonant /d͡ʒ/ or /ʃ/	x	Protegi	protexi	protexi	0	0	0	0	0	0	1	0	0
Word-final vowel /i/	i	Protegi	protexi	protexi	0	0	0	0	0	0	1	0	0
Word-final semivowel /j/ ending a diphthong	y	Rey	reey	reey	0	0	0	0	0	1	0	0	0
Word-final semivowel /j/ ending a diphthong	i	Rey	rei	rei	268	71	12	33	7	5	244	202	126
Word-medial semivowel /j/ ending a diphthong	i	Reyno	reino	reino	3	12	225	20	1	388	2385	2200	14666
Word-medial semivowel /j/ ending a diphthong	i	Reyno	reino	reinó	0	1	4	0	0	14	551	41	174
Word-final semivowel /j/ ending a diphthong	j	Rey	rej	rej	25	0	0	0	0	0	1	0	1
Word-final semivowel /j/ ending a diphthong	y	Rey	rey	rey	1436	5003	20806	8484	10965	10089	35597	28447	67320
Word-medial semivowel /j/ ending a diphthong	y	Reyno	reyno	reyno	13	7	364	39	58	1331	3131	2856	2199
Word-medial semivowel /j/ ending a diphthong	y	Reyno	reynoo	reynoo	0	0	0	0	0	0	0	0	92
Word-medial semivowel /j/ ending a diphthong	y	Reyno	reyno	reynò	0	0	0	0	0	0	0	0	1
Word-medial semivowel /j/ ending a diphthong	y	Reyno	reyno	reynó	0	0	6	0	0	5	36	77	22
Word-final semivowel /j/ ending a diphthong	i	Rey	rei	reí	1	0	0	0	0	0	0	3	5
Word-final semivowel /j/ ending a diphthong	i	Rey	rei	reï	0	6	0	0	0	0	0	0	0
Word-final semivowel /j/ ending a diphthong	y	Rey	rey	reý	0	0	0	0	0	0	0	1	0
Word-final semivowel /j/ ending a diphthong	i	Rey	rrei	rrei	8	0	4	0	0	1	7	2	6
Word-medial semivowel /j/ ending a diphthong	i	Reyno	rreinno	rreinno	0	0	2	0	0	0	0	0	0
Word-medial semivowel /j/ ending a diphthong	i	Reyno	rreino	rreino	0	0	0	0	0	1	3	31	46
Word-medial semivowel /j/ ending a diphthong	i	Reyno	rreino	rreinó	0	0	0	0	0	0	4	0	0
Word-final semivowel /j/ ending a diphthong	j	Rey	rrej	rrej	0	0	0	0	0	0	17	0	0
Word-medial semivowel /j/ ending a diphthong	j	Reyno	rrejno	rrejno	0	0	0	0	0	0	5	0	0
Word-final semivowel /j/ ending a diphthong	y	Rey	rrey	rrey	1087	92	411	255	365	372	4735	1607	70
Word-medial semivowel /j/ ending a diphthong	y	Reyno	rreyno	rreyno	2	0	12	2	9	45	730	429	226
Word-medial semivowel /j/ ending a diphthong	y	Reyno	rreyno	rreynó	4	0	0	0	0	1	162	12	0
Word-medial semivowel /j/ ending a diphthong	y	Reyno	rreyno	rreyño	0	0	0	0	0	0	44	0	0
Word-final semivowel /j/ ending a diphthong	y	Rey	rey	réy	0	0	0	0	0	0	0	0	3
Word-final semivowel /j/ ending a diphthong	y	Rey	rey	rëy	0	139	0	0	0	0	0	0	0
Word-medial vowel /i/	i	Cid	scid	scid	1	0	0	0	0	0	0	0	0
Word-medial vowel /i/	i	Cidi	scidi	scidi	0	0	0	0	0	0	5	0	0
Word-final vowel /i/	i	Cidi	scidi	scidi	0	0	0	0	0	0	5	0	0
Word-medial vowel /i/	i	Cid	sid	sid	0	0	0	0	0	0	4	6	5
Word-medial vowel /i/	i	Cidi	sidi	sidi	0	0	0	0	0	0	2	0	0
Word-final vowel /i/	i	Cidi	sidi	sidi	0	0	0	0	0	0	2	0	0
Word-medial semivowel /j/ starting a diphthong	i	Siendo	siendo	siendo	8	3	34	13	16	28	1239	5313	12692
Word-medial semivowel /j/ starting a diphthong	i	Siendo	ssiendo	ssiendo	0	0	0	0	0	1	0	0	7
Word-medial semivowel /j/ starting a diphthong	y	Siendo	ssyendo	ssyendo	0	0	0	0	1	0	0	0	0
Word-medial semivowel /j/ starting a diphthong	y	Siendo	syendo	syendo	6	1	5	0	5	10	41	119	5
Word-final vowel /i/	i	Temi	temi	temi	0	0	0	0	0	0	1	2	19
Word-final vowel /i/	j	Temi	temj	temj	0	0	0	0	0	1	0	0	0
Word-final vowel /i/	i	Temi	temi	temí	0	0	2	1	0	7	8	18	57
Word-medial semivowel /j/ starting a diphthong	i	Vaya(mos|n|s)	uaian	uaian	2	0	0	0	0	0	0	0	0
Word-medial semivowel /j/ starting a diphthong	y	Vaya(mos|n|s)	uayam	uayam	0	0	1	0	0	0	0	0	0
Word-medial semivowel /j/ starting a diphthong	y	Vaya(mos|n|s)	uayamos	uayamos	0	4	19	2	17	0	0	1	0
Word-medial semivowel /j/ starting a diphthong	y	Vaya(mos|n|s)	uayan	uayan	1	68	106	23	10	0	5	1	2
Word-medial semivowel /j/ starting a diphthong	y	Vaya(mos|n|s)	uayas	uayas	2	0	2	0	4	0	0	0	1
Word-medial vowel /i/	i	Hubie(r|s)(a|e)(mos|n|s)?	ubiera	ubiera	0	0	0	0	0	0	4	3	40
Word-medial semivowel /j/ starting a diphthong	i	Hubie(r|s)(a|e)(mos|n|s)?	ubiera	ubiera	0	0	0	0	0	0	4	3	40
Word-medial vowel /i/	i	Hubie(r|s)(a|e)(mos|n|s)?	ubieramos	ubieramos	0	0	0	0	0	0	0	1	1
Word-medial semivowel /j/ starting a diphthong	i	Hubie(r|s)(a|e)(mos|n|s)?	ubieramos	ubieramos	0	0	0	0	0	0	0	1	1
Word-medial vowel /i/	i	Hubie(r|s)(a|e)(mos|n|s)?	ubieran	ubieran	0	0	0	0	0	0	7	2	14
Word-medial semivowel /j/ starting a diphthong	i	Hubie(r|s)(a|e)(mos|n|s)?	ubieran	ubieran	0	0	0	0	0	0	7	2	14
Word-medial vowel /i/	i	Hubie(r|s)(a|e)(mos|n|s)?	ubieras	ubieras	0	0	0	0	0	0	0	0	1
Word-medial semivowel /j/ starting a diphthong	i	Hubie(r|s)(a|e)(mos|n|s)?	ubieras	ubieras	0	0	0	0	0	0	0	0	1
Word-medial vowel /i/	i	Hubie(r|s)(a|e)(mos|n|s)?	ubiere	ubiere	0	0	3	0	0	0	27	48	66
Word-medial semivowel /j/ starting a diphthong	i	Hubie(r|s)(a|e)(mos|n|s)?	ubiere	ubiere	0	0	3	0	0	0	27	48	66
Word-medial vowel /i/	i	Hubie(r|s)(a|e)(mos|n|s)?	ubieren	ubieren	0	0	0	0	0	0	7	10	17
Word-medial semivowel /j/ starting a diphthong	i	Hubie(r|s)(a|e)(mos|n|s)?	ubieren	ubieren	0	0	0	0	0	0	7	10	17
Word-medial vowel /i/	i	Hubie(r|s)(a|e)(mos|n|s)?	ubiese	ubiese	0	0	1	0	0	0	171	4	37
Word-medial semivowel /j/ starting a diphthong	i	Hubie(r|s)(a|e)(mos|n|s)?	ubiese	ubiese	0	0	1	0	0	0	171	4	37
Word-medial vowel /i/	i	Hubie(r|s)(a|e)(mos|n|s)?	ubiesen	ubiesen	0	0	0	0	0	0	102	2	18
Word-medial semivowel /j/ starting a diphthong	i	Hubie(r|s)(a|e)(mos|n|s)?	ubiesen	ubiesen	0	0	0	0	0	0	102	2	18
Word-medial vowel /i/	i	Hubie(r|s)(a|e)(mos|n|s)?	ubiesse	ubiesse	0	0	0	0	0	0	0	3	11
Word-medial semivowel /j/ starting a diphthong	i	Hubie(r|s)(a|e)(mos|n|s)?	ubiesse	ubiesse	0	0	0	0	0	0	0	3	11
Word-medial vowel /i/	i	Hubie(r|s)(a|e)(mos|n|s)?	ubiessen	ubiessen	0	0	0	0	0	0	0	0	2
Word-medial semivowel /j/ starting a diphthong	i	Hubie(r|s)(a|e)(mos|n|s)?	ubiessen	ubiessen	0	0	0	0	0	0	0	0	2
Word-medial vowel /i/	i	Hubie(r|s)(a|e)(mos|n|s)?	ubiesses	ubiesses	0	0	0	0	0	0	0	0	1
Word-medial semivowel /j/ starting a diphthong	i	Hubie(r|s)(a|e)(mos|n|s)?	ubiesses	ubiesses	0	0	0	0	0	0	0	0	1
Word-medial vowel /i/	i	Hubie(r|s)(a|e)(mos|n|s)?	ubieramos	ubiéramos	0	0	0	0	0	0	2	0	1
Word-medial semivowel /j/ starting a diphthong	i	Hubie(r|s)(a|e)(mos|n|s)?	ubieramos	ubiéramos	0	0	0	0	0	0	2	0	1
Word-medial vowel /i/	i	Hubie(r|s)(a|e)(mos|n|s)?	ubieremos	ubiéremos	0	0	0	0	0	0	0	1	0
Word-medial semivowel /j/ starting a diphthong	i	Hubie(r|s)(a|e)(mos|n|s)?	ubieremos	ubiéremos	0	0	0	0	0	0	0	1	0
Word-medial vowel /i/	i	Hubie(r|s)(a|e)(mos|n|s)?	ubiesemos	ubiésemos	0	0	0	0	0	0	4	1	2
Word-medial semivowel /j/ starting a diphthong	i	Hubie(r|s)(a|e)(mos|n|s)?	ubiesemos	ubiésemos	0	0	0	0	0	0	4	1	2
Word-medial vowel /i/	y	Hubie(r|s)(a|e)(mos|n|s)?	ubyere	ubyere	0	0	0	0	0	0	0	0	1
Word-medial semivowel /j/ starting a diphthong	y	Hubie(r|s)(a|e)(mos|n|s)?	ubyere	ubyere	0	0	0	0	0	0	0	0	1
Word-medial vowel /i/	i	Hubie(r|s)(a|e)(mos|n|s)?	uuiera	uuiera	0	0	0	0	0	0	0	1	1
Word-medial semivowel /j/ starting a diphthong	i	Hubie(r|s)(a|e)(mos|n|s)?	uuiera	uuiera	0	0	0	0	0	0	0	1	1
Word-medial vowel /i/	i	Hubie(r|s)(a|e)(mos|n|s)?	uuieran	uuieran	0	0	0	0	0	0	0	0	1
Word-medial semivowel /j/ starting a diphthong	i	Hubie(r|s)(a|e)(mos|n|s)?	uuieran	uuieran	0	0	0	0	0	0	0	0	1
Word-medial vowel /i/	i	Hubie(r|s)(a|e)(mos|n|s)?	uuiere	uuiere	0	0	0	0	0	0	0	0	10
Word-medial semivowel /j/ starting a diphthong	i	Hubie(r|s)(a|e)(mos|n|s)?	uuiere	uuiere	0	0	0	0	0	0	0	0	10
Word-medial vowel /i/	i	Hubie(r|s)(a|e)(mos|n|s)?	uuieren	uuieren	0	1	0	0	0	0	1	0	2
Word-medial semivowel /j/ starting a diphthong	i	Hubie(r|s)(a|e)(mos|n|s)?	uuieren	uuieren	0	1	0	0	0	0	1	0	2
Word-medial vowel /i/	i	Hubie(r|s)(a|e)(mos|n|s)?	uuiesse	uuiesse	0	0	0	0	1	0	1	2	2
Word-medial semivowel /j/ starting a diphthong	i	Hubie(r|s)(a|e)(mos|n|s)?	uuiesse	uuiesse	0	0	0	0	1	0	1	2	2
Word-medial vowel /i/	i	Hubie(r|s)(a|e)(mos|n|s)?	uuiessen	uuiessen	0	0	0	0	0	0	0	1	0
Word-medial semivowel /j/ starting a diphthong	i	Hubie(r|s)(a|e)(mos|n|s)?	uuiessen	uuiessen	0	0	0	0	0	0	0	1	0
Word-medial vowel /i/	i	Hubie(r|s)(a|e)(mos|n|s)?	uuieremos	uuiéremos	0	0	0	0	0	0	0	0	1
Word-medial semivowel /j/ starting a diphthong	i	Hubie(r|s)(a|e)(mos|n|s)?	uuieremos	uuiéremos	0	0	0	0	0	0	0	0	1
Word-medial vowel /i/	i	Hubie(r|s)(a|e)(mos|n|s)?	uviera	uviera	0	0	0	0	0	1	5	158	203
Word-medial semivowel /j/ starting a diphthong	i	Hubie(r|s)(a|e)(mos|n|s)?	uviera	uviera	0	0	0	0	0	1	5	158	203
Word-medial semivowel /j/ starting a diphthong	i	Hubie(r|s)(a|e)is	uvierais	uvierais	0	0	0	0	0	0	0	0	1
Word-medial semivowel /j/ ending a diphthong	i	Hubie(r|s)(a|e)is	uvierais	uvierais	0	0	0	0	0	0	0	0	1
Word-medial vowel /i/	i	Hubie(r|s)(a|e)(mos|n|s)?	uvieramos	uvieramos	0	0	0	0	0	0	0	1	0
Word-medial semivowel /j/ starting a diphthong	i	Hubie(r|s)(a|e)(mos|n|s)?	uvieramos	uvieramos	0	0	0	0	0	0	0	1	0
Word-medial vowel /i/	i	Hubie(r|s)(a|e)(mos|n|s)?	uvieran	uvieran	0	0	0	0	0	0	4	25	35
Word-medial semivowel /j/ starting a diphthong	i	Hubie(r|s)(a|e)(mos|n|s)?	uvieran	uvieran	0	0	0	0	0	0	4	25	35
Word-medial vowel /i/	i	Hubie(r|s)(a|e)(mos|n|s)?	uvieras	uvieras	0	0	0	0	0	0	1	4	7
Word-medial semivowel /j/ starting a diphthong	i	Hubie(r|s)(a|e)(mos|n|s)?	uvieras	uvieras	0	0	0	0	0	0	1	4	7
Word-medial semivowel /j/ starting a diphthong	i	Hubie(r|s)(a|e)is	uvierays	uvierays	0	0	0	0	0	0	0	0	1
Word-medial semivowel /j/ ending a diphthong	y	Hubie(r|s)(a|e)is	uvierays	uvierays	0	0	0	0	0	0	0	0	1
Word-medial vowel /i/	i	Hubie(r|s)(a|e)(mos|n|s)?	uviere	uviere	0	0	0	1	0	0	146	122	232
Word-medial semivowel /j/ starting a diphthong	i	Hubie(r|s)(a|e)(mos|n|s)?	uviere	uviere	0	0	0	1	0	0	146	122	232
Word-medial vowel /i/	i	Hubie(r|s)(a|e)(mos|n|s)?	uvieremos	uvieremos	0	0	0	0	0	0	0	1	0
Word-medial semivowel /j/ starting a diphthong	i	Hubie(r|s)(a|e)(mos|n|s)?	uvieremos	uvieremos	0	0	0	0	0	0	0	1	0
Word-medial vowel /i/	i	Hubie(r|s)(a|e)(mos|n|s)?	uvieren	uvieren	0	0	0	0	0	0	41	28	45
Word-medial semivowel /j/ starting a diphthong	i	Hubie(r|s)(a|e)(mos|n|s)?	uvieren	uvieren	0	0	0	0	0	0	41	28	45
Word-medial vowel /i/	i	Hubie(r|s)(a|e)(mos|n|s)?	uvieres	uvieres	0	0	0	0	0	0	0	6	14
Word-medial semivowel /j/ starting a diphthong	i	Hubie(r|s)(a|e)(mos|n|s)?	uvieres	uvieres	0	0	0	0	0	0	0	6	14
Word-medial vowel /i/	i	Hubie(r|s)(a|e)(mos|n|s)?	uviese	uviese	0	0	2	1	0	10	26	25	11
Word-medial semivowel /j/ starting a diphthong	i	Hubie(r|s)(a|e)(mos|n|s)?	uviese	uviese	0	0	2	1	0	10	26	25	11
Word-medial vowel /i/	i	Hubie(r|s)(a|e)(mos|n|s)?	uviesemos	uviesemos	0	0	0	0	0	0	1	0	0
Word-medial semivowel /j/ starting a diphthong	i	Hubie(r|s)(a|e)(mos|n|s)?	uviesemos	uviesemos	0	0	0	0	0	0	1	0	0
Word-medial vowel /i/	i	Hubie(r|s)(a|e)(mos|n|s)?	uviesen	uviesen	0	0	0	0	0	2	6	15	1
Word-medial semivowel /j/ starting a diphthong	i	Hubie(r|s)(a|e)(mos|n|s)?	uviesen	uviesen	0	0	0	0	0	2	6	15	1
Word-medial vowel /i/	i	Hubie(r|s)(a|e)(mos|n|s)?	uvieses	uvieses	0	0	0	0	0	0	0	1	1
Word-medial semivowel /j/ starting a diphthong	i	Hubie(r|s)(a|e)(mos|n|s)?	uvieses	uvieses	0	0	0	0	0	0	0	1	1
Word-medial vowel /i/	i	Hubie(r|s)(a|e)(mos|n|s)?	uviesse	uviesse	0	0	1	0	1	0	5	286	271
Word-medial semivowel /j/ starting a diphthong	i	Hubie(r|s)(a|e)(mos|n|s)?	uviesse	uviesse	0	0	1	0	1	0	5	286	271
Word-medial vowel /i/	i	Hubie(r|s)(a|e)(mos|n|s)?	uviessemos	uviessemos	0	0	0	0	0	0	1	0	0
Word-medial semivowel /j/ starting a diphthong	i	Hubie(r|s)(a|e)(mos|n|s)?	uviessemos	uviessemos	0	0	0	0	0	0	1	0	0
Word-medial vowel /i/	i	Hubie(r|s)(a|e)(mos|n|s)?	uviessen	uviessen	0	0	0	0	0	0	1	77	46
Word-medial semivowel /j/ starting a diphthong	i	Hubie(r|s)(a|e)(mos|n|s)?	uviessen	uviessen	0	0	0	0	0	0	1	77	46
Word-medial vowel /i/	i	Hubie(r|s)(a|e)(mos|n|s)?	uviesses	uviesses	0	0	0	0	0	0	1	5	2
Word-medial semivowel /j/ starting a diphthong	i	Hubie(r|s)(a|e)(mos|n|s)?	uviesses	uviesses	0	0	0	0	0	0	1	5	2
Word-medial semivowel /j/ starting a diphthong	i	Hubie(r|s)(a|e)is	uviesseys	uviesseys	0	0	0	0	0	0	0	0	1
Word-medial semivowel /j/ ending a diphthong	y	Hubie(r|s)(a|e)is	uviesseys	uviesseys	0	0	0	0	0	0	0	0	1
Word-medial vowel /i/	i	Hubie(r|s)(a|e)(mos|n|s)?	uvieramos	uviéramos	0	0	0	1	0	0	0	4	5
Word-medial semivowel /j/ starting a diphthong	i	Hubie(r|s)(a|e)(mos|n|s)?	uvieramos	uviéramos	0	0	0	1	0	0	0	4	5
Word-medial vowel /i/	i	Hubie(r|s)(a|e)(mos|n|s)?	uviere	uviére	0	0	0	0	0	0	0	0	1
Word-medial semivowel /j/ starting a diphthong	i	Hubie(r|s)(a|e)(mos|n|s)?	uviere	uviére	0	0	0	0	0	0	0	0	1
Word-medial vowel /i/	i	Hubie(r|s)(a|e)(mos|n|s)?	uvieremos	uviéremos	0	0	0	0	0	1	0	4	1
Word-medial semivowel /j/ starting a diphthong	i	Hubie(r|s)(a|e)(mos|n|s)?	uvieremos	uviéremos	0	0	0	0	0	1	0	4	1
Word-medial vowel /i/	i	Hubie(r|s)(a|e)(mos|n|s)?	uviesemos	uviésemos	0	0	0	0	0	0	0	1	1
Word-medial semivowel /j/ starting a diphthong	i	Hubie(r|s)(a|e)(mos|n|s)?	uviesemos	uviésemos	0	0	0	0	0	0	0	1	1
Word-medial vowel /i/	i	Hubie(r|s)(a|e)(mos|n|s)?	uviessemos	uviéssemos	0	0	0	0	0	0	0	16	3
Word-medial semivowel /j/ starting a diphthong	i	Hubie(r|s)(a|e)(mos|n|s)?	uviessemos	uviéssemos	0	0	0	0	0	0	0	16	3
Word-medial vowel /i/	y	Hubie(r|s)(a|e)(mos|n|s)?	uvyesse	uvyesse	0	0	0	0	1	0	0	0	0
Word-medial semivowel /j/ starting a diphthong	y	Hubie(r|s)(a|e)(mos|n|s)?	uvyesse	uvyesse	0	0	0	0	1	0	0	0	0
Word-medial semivowel /j/ starting a diphthong	i	Vayais	vaiais	vaiais	0	0	0	0	0	0	3	0	0
Word-medial semivowel /j/ ending a diphthong	i	Vayais	vaiais	vaiais	0	0	0	0	0	0	3	0	0
Word-medial semivowel /j/ starting a diphthong	i	Vaya(mos|n|s)	vaiamos	vaiamos	0	0	0	0	0	0	3	0	0
Word-medial semivowel /j/ starting a diphthong	i	Vaya(mos|n|s)	vaian	vaian	0	2	3	0	0	0	5	1	4
Word-medial semivowel /j/ starting a diphthong	i	Vaya(mos|n|s)	vaias	vaias	0	1	0	0	0	0	2	0	0
Word-medial semivowel /j/ ending a diphthong	i	Vais	vais	vais	0	0	5	0	0	0	72	238	295
Word-medial semivowel /j/ starting a diphthong	i	Vayais	vaiais	vaiáis	0	0	0	0	0	0	0	1	0
Word-medial semivowel /j/ ending a diphthong	i	Vayais	vaiais	vaiáis	0	0	0	0	0	0	0	1	0
Word-medial semivowel /j/ starting a diphthong	j	Vaya(mos|n|s)	vajan	vajan	0	1	0	0	0	0	0	0	2
Word-medial semivowel /j/ starting a diphthong	j	Vaya(mos|n|s)	vajas	vajas	0	0	0	0	0	0	5	1	2
Word-medial semivowel /j/ ending a diphthong	j	Vais	vajs	vajs	0	0	0	0	0	0	2	0	0
Word-medial semivowel /j/ starting a diphthong	y	Vayais	vayais	vayais	0	0	0	0	0	1	2	7	2
Word-medial semivowel /j/ ending a diphthong	y	Vayais	vayais	vayais	0	0	0	0	0	1	2	7	2
Word-medial semivowel /j/ starting a diphthong	y	Vaya(mos|n|s)	vayam	vayam	0	0	1	0	0	0	0	0	0
Word-medial semivowel /j/ starting a diphthong	y	Vaya(mos|n|s)	vayamonos	vayamonos	0	0	1	0	0	0	0	0	0
Word-medial semivowel /j/ starting a diphthong	y	Vaya(mos|n|s)	vayamos	vayamos	2	11	26	12	1	20	50	27	13
Word-medial semivowel /j/ starting a diphthong	y	Vaya(mos|n|s)	vayan	vayan	19	22	128	125	60	115	672	818	982
Word-medial semivowel /j/ starting a diphthong	y	Vaya(mos|n|s)	vayano	vayano	0	0	0	0	0	0	0	1	0
Word-medial semivowel /j/ starting a diphthong	y	Vaya(mos|n|s)	vayas	vayas	0	4	13	10	5	13	71	205	223
Word-medial semivowel /j/ starting a diphthong	y	Vaya(mos|n|s)	vayass	vayass	1	0	0	0	0	0	0	0	0
Word-medial semivowel /j/ starting a diphthong	y	Vayais	vayays	vayays	0	0	0	0	0	0	4	6	1
Word-medial semivowel /j/ ending a diphthong	y	Vayais	vayays	vayays	0	0	0	0	0	0	4	6	1
Word-medial semivowel /j/ ending a diphthong	y	Vais	vays	vays	0	0	0	0	1	0	34	121	104
Word-medial semivowel /j/ starting a diphthong	y	Vayais	vayais	vayáis	0	0	3	0	0	0	24	36	7
Word-medial semivowel /j/ ending a diphthong	y	Vayais	vayais	vayáis	0	0	3	0	0	0	24	36	7
Word-medial semivowel /j/ starting a diphthong	y	Vaya(mos|n|s)	vayamonos	vayámonos	0	1	1	0	0	0	2	2	0
Word-medial semivowel /j/ starting a diphthong	y	Vaya(mos|n|s)	vayamosnos	vayámosnos	0	0	6	0	0	0	2	1	0
Word-medial semivowel /j/ starting a diphthong	y	Vayais	vayays	vayáys	1	0	0	0	0	0	0	1	1
Word-medial semivowel /j/ ending a diphthong	y	Vayais	vayays	vayáys	1	0	0	0	0	0	0	1	1
Word-medial semivowel /j/ ending a diphthong	i	Vais	vais	vaís	0	0	0	0	0	0	0	0	1
Word-medial vowel /i/	i	Hubie(r|s)(a|e)(mos|n|s)?	vbiera	vbiera	0	0	0	0	0	0	2	11	14
Word-medial semivowel /j/ starting a diphthong	i	Hubie(r|s)(a|e)(mos|n|s)?	vbiera	vbiera	0	0	0	0	0	0	2	11	14
Word-medial vowel /i/	i	Hubie(r|s)(a|e)(mos|n|s)?	vbieran	vbieran	0	0	0	0	0	0	0	1	2
Word-medial semivowel /j/ starting a diphthong	i	Hubie(r|s)(a|e)(mos|n|s)?	vbieran	vbieran	0	0	0	0	0	0	0	1	2
Word-medial vowel /i/	i	Hubie(r|s)(a|e)(mos|n|s)?	vbiere	vbiere	0	0	0	0	0	0	2	17	27
Word-medial semivowel /j/ starting a diphthong	i	Hubie(r|s)(a|e)(mos|n|s)?	vbiere	vbiere	0	0	0	0	0	0	2	17	27
Word-medial vowel /i/	i	Hubie(r|s)(a|e)(mos|n|s)?	vbieren	vbieren	0	0	0	0	0	0	1	3	6
Word-medial semivowel /j/ starting a diphthong	i	Hubie(r|s)(a|e)(mos|n|s)?	vbieren	vbieren	0	0	0	0	0	0	1	3	6
Word-medial vowel /i/	i	Hubie(r|s)(a|e)(mos|n|s)?	vbiese	vbiese	0	0	0	0	0	0	1	1	8
Word-medial semivowel /j/ starting a diphthong	i	Hubie(r|s)(a|e)(mos|n|s)?	vbiese	vbiese	0	0	0	0	0	0	1	1	8
Word-medial vowel /i/	i	Hubie(r|s)(a|e)(mos|n|s)?	vbiesen	vbiesen	0	0	0	0	0	0	7	0	1
Word-medial semivowel /j/ starting a diphthong	i	Hubie(r|s)(a|e)(mos|n|s)?	vbiesen	vbiesen	0	0	0	0	0	0	7	0	1
Word-medial vowel /i/	i	Hubie(r|s)(a|e)(mos|n|s)?	vbiesse	vbiesse	0	0	0	0	0	0	0	1	0
Word-medial semivowel /j/ starting a diphthong	i	Hubie(r|s)(a|e)(mos|n|s)?	vbiesse	vbiesse	0	0	0	0	0	0	0	1	0
Word-medial vowel /i/	i	Hubie(r|s)(a|e)(mos|n|s)?	vbiessen	vbiessen	0	0	0	0	0	0	0	1	0
Word-medial semivowel /j/ starting a diphthong	i	Hubie(r|s)(a|e)(mos|n|s)?	vbiessen	vbiessen	0	0	0	0	0	0	0	1	0
Word-medial vowel /i/	i	Hubie(r|s)(a|e)(mos|n|s)?	vuiera	vuiera	0	0	0	0	0	0	1	59	50
Word-medial semivowel /j/ starting a diphthong	i	Hubie(r|s)(a|e)(mos|n|s)?	vuiera	vuiera	0	0	0	0	0	0	1	59	50
Word-medial vowel /i/	i	Hubie(r|s)(a|e)(mos|n|s)?	vuieran	vuieran	0	0	0	0	0	0	0	20	10
Word-medial semivowel /j/ starting a diphthong	i	Hubie(r|s)(a|e)(mos|n|s)?	vuieran	vuieran	0	0	0	0	0	0	0	20	10
Word-medial vowel /i/	i	Hubie(r|s)(a|e)(mos|n|s)?	vuieras	vuieras	0	0	0	0	0	0	0	1	2
Word-medial semivowel /j/ starting a diphthong	i	Hubie(r|s)(a|e)(mos|n|s)?	vuieras	vuieras	0	0	0	0	0	0	0	1	2
Word-medial vowel /i/	i	Hubie(r|s)(a|e)(mos|n|s)?	vuiere	vuiere	0	0	0	0	0	0	57	19	63
Word-medial semivowel /j/ starting a diphthong	i	Hubie(r|s)(a|e)(mos|n|s)?	vuiere	vuiere	0	0	0	0	0	0	57	19	63
Word-medial vowel /i/	i	Hubie(r|s)(a|e)(mos|n|s)?	vuieremos	vuieremos	0	0	0	0	0	0	0	1	0
Word-medial semivowel /j/ starting a diphthong	i	Hubie(r|s)(a|e)(mos|n|s)?	vuieremos	vuieremos	0	0	0	0	0	0	0	1	0
Word-medial vowel /i/	i	Hubie(r|s)(a|e)(mos|n|s)?	vuieren	vuieren	0	0	0	0	0	0	11	4	3
Word-medial semivowel /j/ starting a diphthong	i	Hubie(r|s)(a|e)(mos|n|s)?	vuieren	vuieren	0	0	0	0	0	0	11	4	3
Word-medial vowel /i/	i	Hubie(r|s)(a|e)(mos|n|s)?	vuieres	vuieres	0	0	0	0	0	0	0	2	3
Word-medial semivowel /j/ starting a diphthong	i	Hubie(r|s)(a|e)(mos|n|s)?	vuieres	vuieres	0	0	0	0	0	0	0	2	3
Word-medial vowel /i/	i	Hubie(r|s)(a|e)(mos|n|s)?	vuiese	vuiese	0	0	0	1	0	0	15	18	7
Word-medial semivowel /j/ starting a diphthong	i	Hubie(r|s)(a|e)(mos|n|s)?	vuiese	vuiese	0	0	0	1	0	0	15	18	7
Word-medial vowel /i/	i	Hubie(r|s)(a|e)(mos|n|s)?	vuiesemos	vuiesemos	0	0	0	0	0	0	1	0	1
Word-medial semivowel /j/ starting a diphthong	i	Hubie(r|s)(a|e)(mos|n|s)?	vuiesemos	vuiesemos	0	0	0	0	0	0	1	0	1
Word-medial vowel /i/	i	Hubie(r|s)(a|e)(mos|n|s)?	vuiesen	vuiesen	0	0	0	0	0	0	5	2	4
Word-medial semivowel /j/ starting a diphthong	i	Hubie(r|s)(a|e)(mos|n|s)?	vuiesen	vuiesen	0	0	0	0	0	0	5	2	4
Word-medial vowel /i/	i	Hubie(r|s)(a|e)(mos|n|s)?	vuiesse	vuiesse	0	0	0	0	2	0	0	106	65
Word-medial semivowel /j/ starting a diphthong	i	Hubie(r|s)(a|e)(mos|n|s)?	vuiesse	vuiesse	0	0	0	0	2	0	0	106	65
Word-medial vowel /i/	i	Hubie(r|s)(a|e)(mos|n|s)?	vuiessen	vuiessen	0	0	0	0	1	0	0	27	16
Word-medial semivowel /j/ starting a diphthong	i	Hubie(r|s)(a|e)(mos|n|s)?	vuiessen	vuiessen	0	0	0	0	1	0	0	27	16
Word-medial vowel /i/	i	Hubie(r|s)(a|e)(mos|n|s)?	vuiesses	vuiesses	0	0	0	0	0	0	0	0	1
Word-medial semivowel /j/ starting a diphthong	i	Hubie(r|s)(a|e)(mos|n|s)?	vuiesses	vuiesses	0	0	0	0	0	0	0	0	1
Word-medial vowel /i/	i	Hubie(r|s)(a|e)(mos|n|s)?	vuieramos	vuiéramos	0	0	0	0	0	0	0	2	0
Word-medial semivowel /j/ starting a diphthong	i	Hubie(r|s)(a|e)(mos|n|s)?	vuieramos	vuiéramos	0	0	0	0	0	0	0	2	0
Word-medial vowel /i/	i	Hubie(r|s)(a|e)(mos|n|s)?	vuiesemos	vuiésemos	0	0	0	0	0	0	1	0	0
Word-medial semivowel /j/ starting a diphthong	i	Hubie(r|s)(a|e)(mos|n|s)?	vuiesemos	vuiésemos	0	0	0	0	0	0	1	0	0
Word-medial vowel /i/	i	Hubie(r|s)(a|e)(mos|n|s)?	vuiessemos	vuiéssemos	0	0	0	0	0	0	0	3	0
Word-medial semivowel /j/ starting a diphthong	i	Hubie(r|s)(a|e)(mos|n|s)?	vuiessemos	vuiéssemos	0	0	0	0	0	0	0	3	0
Word-medial vowel /i/	y	Hubie(r|s)(a|e)(mos|n|s)?	vuyere	vuyere	0	0	0	0	0	0	0	1	0
Word-medial semivowel /j/ starting a diphthong	y	Hubie(r|s)(a|e)(mos|n|s)?	vuyere	vuyere	0	0	0	0	0	0	0	1	0
Word-medial vowel /i/	i	Hubie(r|s)(a|e)(mos|n|s)?	vviere	vviere	0	0	0	0	0	0	0	1	0
Word-medial semivowel /j/ starting a diphthong	i	Hubie(r|s)(a|e)(mos|n|s)?	vviere	vviere	0	0	0	0	0	0	0	1	0
Word-medial semivowel /j/ ending a diphthong	i	Vais	vais	váis	0	0	0	0	0	0	2	12	17
Word-medial semivowel /j/ ending a diphthong	y	Vais	vays	váys	0	0	0	0	0	1	2	4	1
Word-initial consonant /d͡ʒ/ or /ʃ/	x	Javier	xabier	xabier	1	0	0	0	0	0	0	0	1
Word-medial semivowel /j/ starting a diphthong	i	Javier	xabier	xabier	1	0	0	0	0	0	0	0	1
Word-initial consonant /d͡ʒ/ or /ʃ/	x	Javier	xauier	xauier	1	0	0	0	0	0	1	22	0
Word-medial semivowel /j/ starting a diphthong	i	Javier	xauier	xauier	1	0	0	0	0	0	1	22	0
Word-initial consonant /d͡ʒ/ or /ʃ/	x	Javier	xavier	xavier	1	0	0	0	0	0	0	0	34
Word-medial semivowel /j/ starting a diphthong	i	Javier	xavier	xavier	1	0	0	0	0	0	0	0	34
Word-initial vowel /i/	y	Ibarra	ybarra	ybarra	0	0	2	2	4	3	27	38	32
Word-initial vowel /i/	y	Hicie(r|s)(a|e)(mos|n|s)?	yciera	yciera	0	0	0	0	0	0	0	1	1
Word-medial semivowel /j/ starting a diphthong	i	Hicie(r|s)(a|e)(mos|n|s)?	yciera	yciera	0	0	0	0	0	0	0	1	1
Word-initial vowel /i/	y	Hicie(r|s)(a|e)(mos|n|s)?	yciere	yciere	0	0	0	0	0	0	1	5	0
Word-medial semivowel /j/ starting a diphthong	i	Hicie(r|s)(a|e)(mos|n|s)?	yciere	yciere	0	0	0	0	0	0	1	5	0
Word-initial vowel /i/	y	Hicie(r|s)(a|e)(mos|n|s)?	ycieren	ycieren	0	0	0	0	0	0	0	1	0
Word-medial semivowel /j/ starting a diphthong	i	Hicie(r|s)(a|e)(mos|n|s)?	ycieren	ycieren	0	0	0	0	0	0	0	1	0
Word-initial vowel /i/	y	Iñig(o|a)	yniga	yniga	0	0	0	0	0	0	0	0	1
Word-medial vowel /i/	i	Iñig(o|a)	yniga	yniga	0	0	0	0	0	0	0	0	1
Word-initial vowel /i/	y	Iñig(o|a)	ynigo	ynigo	1	1	16	11	7	13	48	15	1
Word-medial vowel /i/	i	Iñig(o|a)	ynigo	ynigo	1	1	16	11	7	13	48	15	1
Word-initial vowel /i/	y	Iñig(o|a)	ynnigo	ynnigo	0	0	4	9	2	14	216	27	0
Word-medial vowel /i/	i	Iñig(o|a)	ynnigo	ynnigo	0	0	4	9	2	14	216	27	0
Word-initial vowel /i/	y	Iñig(o|a)	ynygo	ynygo	0	0	0	0	0	1	0	0	0
Word-medial vowel /i/	y	Iñig(o|a)	ynygo	ynygo	0	0	0	0	0	1	0	0	0
Word-initial vowel /i/	y	Ir	yr	yr	134	115	1175	534	1132	749	1607	2577	1835
Word-initial vowel /i/	y	Ir(a|e)is	yras	yras	0	0	3	2	7	8	5	12	66
Word-initial vowel /i/	y	Ir(a|e)is	yrec	yrec	0	0	0	0	0	0	1	0	0
Word-initial vowel /i/	y	Ir(a|e)is	yres	yres	0	0	0	0	1	0	5	1	0
Word-initial vowel /i/	y	Hir(io|ieron)	yrie	yrie	0	0	44	0	22	0	0	0	0
Word-medial semivowel /j/ starting a diphthong	i	Hir(io|ieron)	yrie	yrie	0	0	44	0	22	0	0	0	0
Word-initial vowel /i/	y	Hir(io|ieron)	yrien	yrien	0	0	30	0	22	0	0	0	0
Word-medial semivowel /j/ starting a diphthong	i	Hir(io|ieron)	yrien	yrien	0	0	30	0	22	0	0	0	0
Word-initial vowel /i/	y	Hir(io|ieron)	yrion	yrion	0	0	0	0	0	0	0	0	2
Word-medial semivowel /j/ starting a diphthong	i	Hir(io|ieron)	yrion	yrion	0	0	0	0	0	0	0	0	2
Word-initial vowel /i/	y	Ir	yrr	yrr	0	0	0	0	0	0	1	0	0
Word-initial vowel /i/	y	Ir(a|e)is	yras	yrás	0	0	0	0	1	10	1	35	155
Word-initial vowel /i/	y	Ir(a|e)is	yres	yrés	0	0	0	0	0	1	0	3	0
Word-initial vowel /i/	y	Hir(io|ieron)	yrie	yríe	0	1	0	1	0	0	0	1	0
Word-medial semivowel /j/ starting a diphthong	i	Hir(io|ieron)	yrie	yríe	0	1	0	1	0	0	0	1	0
Word-initial vowel /i/	y	Hir(io|ieron)	yrien	yríen	0	0	0	0	0	2	0	0	0
Word-medial semivowel /j/ starting a diphthong	i	Hir(io|ieron)	yrien	yríen	0	0	0	0	0	2	0	0	0
Word-initial vowel /i/	y	Isabel(a)?	ysabel	ysabel	28	5	31	14	10	17	734	393	252
Word-initial vowel /i/	y	Isabel(a)?	ysabela	ysabela	0	0	0	0	0	0	8	1	1
Word-initial vowel /i/	y	Isabel(a)?	ysabella	ysabella	0	1	0	2	0	0	1	0	3
Word-initial vowel /i/	y	Isabel(a)?	ysauel	ysauel	0	0	0	0	0	0	3	8	133
Word-initial vowel /i/	y	Isabel(a)?	ysauela	ysauela	0	0	0	0	0	0	1	0	0
Word-initial vowel /i/	y	Isabel(a)?	ysavel	ysavel	0	0	3	1	0	0	3	4	1
Word-initial vowel /i/	y	Isabel(a)?	ysavela	ysavela	0	0	0	0	0	0	24	0	0
Word-initial vowel /i/	y	Hicie(r|s)(a|e)(mos|n|s)?	ysiere	ysiere	1	0	0	0	0	0	0	0	0
Word-medial semivowel /j/ starting a diphthong	i	Hicie(r|s)(a|e)(mos|n|s)?	ysiere	ysiere	1	0	0	0	0	0	0	0	0
Word-initial vowel /i/	y	Hicie(r|s)(a|e)(mos|n|s)?	ysieren	ysieren	1	0	0	0	0	0	0	0	1
Word-medial semivowel /j/ starting a diphthong	i	Hicie(r|s)(a|e)(mos|n|s)?	ysieren	ysieren	1	0	0	0	0	0	0	0	1
Word-initial vowel /i/	y	Hicie(r|s)(a|e)(mos|n|s)?	ysiese	ysiese	0	0	0	0	0	0	0	1	4
Word-medial semivowel /j/ starting a diphthong	i	Hicie(r|s)(a|e)(mos|n|s)?	ysiese	ysiese	0	0	0	0	0	0	0	1	4
Word-initial vowel /i/	y	Isabel(a)?	yssabel	yssabel	0	0	1	0	0	0	0	2	0
Word-initial vowel /i/	y	Isabel(a)?	yssabela	yssabela	0	0	0	0	0	0	1	0	0
Word-initial vowel /i/	y	Isabel(a)?	yssavel	yssavel	0	0	0	0	0	0	0	1	0
Word-initial vowel /i/	y	Hicie(r|s)(a|e)(mos|n|s)?	yssiere	yssiere	1	1	0	0	0	0	0	0	0
Word-medial semivowel /j/ starting a diphthong	i	Hicie(r|s)(a|e)(mos|n|s)?	yssiere	yssiere	1	1	0	0	0	0	0	0	0
Word-initial vowel /i/	y	Ibarra	yuarra	yuarra	0	3	0	0	0	0	0	1	1
Word-initial vowel /i/	y	Ibarra	yvara	yvara	0	0	0	0	0	0	0	0	1
Word-initial vowel /i/	y	Ibarra	yvarra	yvarra	0	0	1	1	0	1	4	2	2
Word-initial vowel /i/	y	Isabel(a)?	yzabel	yzabel	0	0	0	0	0	0	0	0	3
Word-initial vowel /i/	y	Hicie(r|s)(a|e)(mos|n|s)?	yziera	yziera	0	0	0	0	0	0	1	1	0
Word-medial semivowel /j/ starting a diphthong	i	Hicie(r|s)(a|e)(mos|n|s)?	yziera	yziera	0	0	0	0	0	0	1	1	0
Word-initial vowel /i/	y	Hicie(r|s)(a|e)(mos|n|s)?	yzieran	yzieran	0	0	0	0	0	0	0	0	1
Word-medial semivowel /j/ starting a diphthong	i	Hicie(r|s)(a|e)(mos|n|s)?	yzieran	yzieran	0	0	0	0	0	0	0	0	1
Word-initial vowel /i/	y	Hicie(r|s)(a|e)(mos|n|s)?	yziere	yziere	0	0	1	0	0	0	1	1	0
Word-medial semivowel /j/ starting a diphthong	i	Hicie(r|s)(a|e)(mos|n|s)?	yziere	yziere	0	0	1	0	0	0	1	1	0
Word-initial vowel /i/	y	Hicie(r|s)(a|e)(mos|n|s)?	yzieren	yzieren	0	0	0	0	0	0	5	0	1
Word-medial semivowel /j/ starting a diphthong	i	Hicie(r|s)(a|e)(mos|n|s)?	yzieren	yzieren	0	0	0	0	0	0	5	0	1
Word-initial vowel /i/	y	Hicie(r|s)(a|e)(mos|n|s)?	yziese	yziese	0	0	0	0	0	0	2	1	1
Word-medial semivowel /j/ starting a diphthong	i	Hicie(r|s)(a|e)(mos|n|s)?	yziese	yziese	0	0	0	0	0	0	2	1	1
Word-initial vowel /i/	y	Hicie(r|s)(a|e)(mos|n|s)?	yziesen	yziesen	0	0	0	0	0	0	1	0	0
Word-medial semivowel /j/ starting a diphthong	i	Hicie(r|s)(a|e)(mos|n|s)?	yziesen	yziesen	0	0	0	0	0	0	1	0	0
Word-initial vowel /i/	y	Hicie(r|s)(a|e)(mos|n|s)?	yziesemos	yziésemos	0	0	0	0	0	0	0	0	1
Word-medial semivowel /j/ starting a diphthong	i	Hicie(r|s)(a|e)(mos|n|s)?	yziesemos	yziésemos	0	0	0	0	0	0	0	0	1
Word-initial vowel /i/	y	Hicie(r|s)(a|e)(mos|n|s)?	yzyeran	yzyeran	0	0	0	0	0	0	0	1	0
Word-medial semivowel /j/ starting a diphthong	y	Hicie(r|s)(a|e)(mos|n|s)?	yzyeran	yzyeran	0	0	0	0	0	0	0	1	0
Word-initial vowel /i/	y	Hicie(r|s)(a|e)(mos|n|s)?	yzyeren	yzyeren	0	0	0	0	0	0	0	1	0
Word-medial semivowel /j/ starting a diphthong	y	Hicie(r|s)(a|e)(mos|n|s)?	yzyeren	yzyeren	0	0	0	0	0	0	0	1	0
Word-initial vowel /i/	y	Hicie(r|s)(a|e)(mos|n|s)?	yciera	yçiera	0	0	0	0	0	0	0	0	1
Word-medial semivowel /j/ starting a diphthong	i	Hicie(r|s)(a|e)(mos|n|s)?	yciera	yçiera	0	0	0	0	0	0	0	0	1
Word-initial vowel /i/	y	Hicie(r|s)(a|e)(mos|n|s)?	yciere	yçiere	0	0	7	0	0	0	0	0	1
Word-medial semivowel /j/ starting a diphthong	i	Hicie(r|s)(a|e)(mos|n|s)?	yciere	yçiere	0	0	7	0	0	0	0	0	1
Word-initial vowel /i/	y	Hicie(r|s)(a|e)(mos|n|s)?	ycieren	yçieren	0	0	0	0	0	0	0	0	1
Word-medial semivowel /j/ starting a diphthong	i	Hicie(r|s)(a|e)(mos|n|s)?	ycieren	yçieren	0	0	0	0	0	0	0	0	1
Word-initial vowel /i/	y	Hicie(r|s)(a|e)(mos|n|s)?	yciese	yçiese	0	0	0	0	0	0	0	0	4
Word-medial semivowel /j/ starting a diphthong	i	Hicie(r|s)(a|e)(mos|n|s)?	yciese	yçiese	0	0	0	0	0	0	0	0	4
Word-initial vowel /i/	y	Hicie(r|s)(a|e)(mos|n|s)?	yciesen	yçiesen	0	0	0	0	0	0	0	1	1
Word-medial semivowel /j/ starting a diphthong	i	Hicie(r|s)(a|e)(mos|n|s)?	yciesen	yçiesen	0	0	0	0	0	0	0	1	1
Word-initial vowel /i/	y	Iñig(o|a)	yniga	yñiga	0	0	0	0	0	0	3	1	0
Word-medial vowel /i/	i	Iñig(o|a)	yniga	yñiga	0	0	0	0	0	0	3	1	0
Word-initial vowel /i/	y	Iñig(o|a)	ynigo	yñigo	2	0	2	8	4	11	105	48	15
Word-medial vowel /i/	i	Iñig(o|a)	ynigo	yñigo	2	0	2	8	4	11	105	48	15
Word-initial vowel /i/	y	Iñig(o|a)	ynjgo	yñjgo	0	0	0	1	0	0	0	41	0
Word-medial vowel /i/	j	Iñig(o|a)	ynjgo	yñjgo	0	0	0	1	0	0	0	41	0
Word-initial vowel /i/	y	Iñig(o|a)	ynygo	yñygo	0	0	0	0	0	0	2	6	0
Word-medial vowel /i/	y	Iñig(o|a)	ynygo	yñygo	0	0	0	0	0	0	2	6	0
Word-medial vowel /i/	i	Cid	zid	zid	0	0	0	0	0	0	1	0	0
Word-medial semivowel /j/ starting a diphthong	i	Siendo	ziendo	ziendo	0	0	0	0	0	0	1	0	1
Word-medial semivowel /j/ starting a diphthong	j	Siendo	zjendo	zjendo	0	0	0	1	0	0	0	0	0
Word-final semivowel /j/ ending a diphthong	i	Hay	ai	ài	0	0	0	0	0	0	0	2	0
Word-final semivowel /j/ ending a diphthong	i	Hay	ai	ái	0	0	0	0	0	0	0	0	2
Word-medial semivowel /j/ starting a diphthong	i	Habiendo	auiendo	áuiendo	0	0	0	0	0	0	0	1	0
Word-final semivowel /j/ ending a diphthong	y	Hay	ay	áy	0	0	0	0	0	0	0	1	0
Word-medial vowel /i/	i	Cid	cid	çid	6	0	1190	19	0	47	392	25	56
Word-medial vowel /i/	i	Cidi	cidi	çidi	0	0	0	0	0	1	2	0	0
Word-final vowel /i/	i	Cidi	cidi	çidi	0	0	0	0	0	1	2	0	0
Word-medial vowel /i/	i	Cidi	cidy	çidy	0	0	0	0	0	0	2	0	0
Word-final vowel /i/	y	Cidi	cidy	çidy	0	0	0	0	0	0	2	0	0
Word-medial semivowel /j/ starting a diphthong	i	Siendo	ciendo	çiendo	0	0	0	0	0	0	0	0	2
Word-medial vowel /i/	y	Cid	cyd	çyd	0	0	0	0	0	0	31	0	0
Word-medial vowel /i/	i	Her(is|iste)	erize	érize	0	0	0	0	0	0	10	0	0
Word-initial vowel /i/	i	Iñig(o|a)	inigo	ínigo	0	0	0	0	1	0	226	0	0
Word-medial vowel /i/	i	Iñig(o|a)	inigo	ínigo	0	0	0	0	1	0	226	0	0
Word-initial vowel /i/	i	Ir	ir	ír	0	0	0	0	0	0	0	2	3
Word-initial vowel /i/	i	Iñig(o|a)	inigo	íñigo	1	0	1	0	1	12	8	22	14
Word-medial vowel /i/	i	Iñig(o|a)	inigo	íñigo	1	0	1	0	1	12	8	22	14
Word-initial vowel /i/	y	Iñig(o|a)	ynigo	ýnigo	0	0	0	0	0	0	0	0	1
Word-medial vowel /i/	i	Iñig(o|a)	ynigo	ýnigo	0	0	0	0	0	0	0	0	1
Word-initial vowel /i/	y	Ir	yr	ýr	0	0	0	0	0	0	0	1	0
Word-initial vowel /i/	y	Iñig(o|a)	ynigo	ýñigo	0	0	5	0	0	2	19	14	9
Word-medial vowel /i/	i	Iñig(o|a)	ynigo	ýñigo	0	0	5	0	0	2	19	14	9